id,isDefault
1000575,0.27272353
1028125,0.27272353
1010694,0.2742939
1026712,0.27436304
1002895,0.27793512
1023930,0.3201118
1031202,0.32034177
1041065,0.2742939
1037799,0.2741514
1036385,0.2900887
1028640,0.3111307
1046198,0.27272353
1005902,0.2925398
1001958,0.27582693
1021171,0.27713242
1018693,0.2742939
1046881,0.27459517
1008394,0.32617274
1039986,0.3002631
1028449,0.34673065
1037670,0.27272353
1030356,0.29011038
1047759,0.34569305
1033422,0.27272353
1041457,0.27272353
1047669,0.3463111
1013635,0.27600688
1009911,0.27713242
1026052,0.28497878
1013010,0.27272353
1000541,0.27585334
1023933,0.27272353
1017173,0.30666855
1010278,0.29537117
1042322,0.28866926
1035083,0.27272353
1017136,0.28868264
1008825,0.27272353
1035744,0.29601094
1019544,0.36884776
1019583,0.32336694
1015244,0.2943496
1001057,0.2741514
1018597,0.27272353
1036106,0.34487635
1021590,0.301233
1028479,0.32925633
1022178,0.30041736
1021768,0.27272353
1044905,0.2852923
1018188,0.2741514
1034782,0.28846592
1043358,0.35867953
1012386,0.2741514
1019710,0.33635268
1003882,0.27272353
1041743,0.27272353
1045699,0.3282248
1023722,0.2975276
1005903,0.3320385
1032382,0.3166134
1032769,0.2741514
1016556,0.28397387
1018606,0.28260514
1034996,0.29762387
1030041,0.27509916
1034236,0.31350178
1027554,0.33028543
1005162,0.3010846
1011175,0.303147
1033902,0.31952626
1014356,0.34424537
1045176,0.3259579
1048152,0.3311034
1026600,0.28344497
1046111,0.357194
1010478,0.27272353
1019200,0.2871531
1030818,0.27272353
1041083,0.2742939
1020605,0.27272353
1020932,0.36436495
1031833,0.2741514
1002413,0.3707327
1015116,0.2757243
1011414,0.2741514
1032688,0.28429055
1011934,0.3384185
1024629,0.27272353
1033891,0.27272353
1024842,0.27272353
1027018,0.28836504
1004702,0.2742939
1009408,0.33575124
1026577,0.28458115
1039347,0.2883177
1027392,0.28281516
1033583,0.35856384
1030357,0.3586992
1036590,0.27272353
1019761,0.2741514
1011949,0.29043922
1035693,0.28927222
1021378,0.283251
1031346,0.2778061
1017477,0.31324062
1048032,0.28598306
1038679,0.2906604
1007051,0.30986413
1000452,0.27272353
1013922,0.28637615
1046564,0.27272353
1017521,0.27272353
1009082,0.2741514
1015316,0.2742939
1017718,0.27272353
1021027,0.2843703
1028958,0.30064207
1035453,0.34418926
1024280,0.27272353
1018505,0.37542707
1010128,0.30831692
1007386,0.2741514
1009167,0.27272353
1037585,0.27272353
1026043,0.32218042
1024570,0.30147043
1038043,0.34291023
1037576,0.28716367
1039779,0.28436953
1004522,0.2741514
1007364,0.27436304
1008846,0.2741514
1000603,0.27487174
1021829,0.27272353
1044059,0.27272353
1044404,0.35780036
1012497,0.30406123
1013466,0.27272353
1038891,0.2821386
1010547,0.29052335
1023850,0.36712992
1018544,0.27272353
1018208,0.32905984
1026767,0.30815917
1034103,0.27800927
1026183,0.3465644
1006844,0.27272353
1035884,0.3225592
1008717,0.27436304
1023969,0.2742939
1046972,0.27272353
1039065,0.27713242
1007767,0.27272353
1033865,0.32467055
1040701,0.34326014
1011770,0.305427
1048315,0.32578927
1030629,0.3078931
1002486,0.31547874
1035595,0.33028165
1000629,0.3416352
1022972,0.3241732
1034681,0.2741514
1022023,0.3204295
1009765,0.29387903
1044865,0.2884973
1037277,0.3601703
1012272,0.27713242
1040995,0.28310245
1047338,0.31699565
1045052,0.2741514
1029847,0.2741514
1018987,0.28424463
1040155,0.3100851
1001734,0.33381167
1008795,0.3040452
1032664,0.32098588
1034740,0.30848664
1017204,0.29580936
1010766,0.29569635
1031660,0.29905945
1007238,0.33576754
1020555,0.31527376
1046278,0.27713242
1010915,0.29586124
1046598,0.29118142
1037912,0.30171227
1042520,0.33814228
1043332,0.38419658
1040643,0.3162114
1025913,0.3057217
1031268,0.30210122
1046418,0.31351596
1026392,0.3121125
1049286,0.3300014
1034359,0.27713242
1014506,0.29640645
1031580,0.2997461
1038801,0.3293517
1041903,0.34200326
1010056,0.2986215
1013643,0.3315186
1046980,0.3041151
1012709,0.327512
1018512,0.3222016
1014724,0.28260514
1030802,0.28428012
1014306,0.3181271
1049297,0.3040998
1036358,0.29507047
1040977,0.34929553
1035734,0.35375753
1019782,0.30526417
1039519,0.30670422
1005038,0.33255956
1040728,0.33647615
1008449,0.2741514
1019069,0.35502014
1023717,0.30249038
1046007,0.27272353
1009223,0.2949752
1040241,0.27272353
1046923,0.2879053
1041166,0.33330888
1042733,0.27489033
1008065,0.27272353
1008164,0.36714262
1032019,0.3007941
1037629,0.30293295
1043927,0.33867902
1027670,0.30455497
1017353,0.30982152
1024141,0.29740945
1042069,0.32003087
1024398,0.30579636
1045922,0.36934158
1020400,0.27489454
1011500,0.2741514
1038606,0.30825135
1025972,0.28995684
1002263,0.3699196
1025557,0.27272353
1031479,0.31374305
1025480,0.27751532
1009819,0.31642956
1007123,0.2741514
1024198,0.28302735
1025725,0.37147343
1012988,0.27521443
1009487,0.2741514
1039865,0.29523012
1018599,0.27272353
1009489,0.3262262
1041868,0.30095363
1047948,0.34431615
1046133,0.2988869
1026260,0.31884432
1031970,0.3267806
1032976,0.33507177
1035576,0.33165234
1029414,0.3109533
1020223,0.27272353
1011891,0.27272353
1039155,0.3489411
1049708,0.2911331
1011497,0.3487015
1003658,0.2741514
1048635,0.2741514
1019684,0.27272353
1017666,0.2742939
1010777,0.32562572
1032325,0.32457387
1009834,0.3297332
1028976,0.3469935
1000023,0.34446564
1038750,0.32369414
1039210,0.29985282
1021115,0.31455094
1008255,0.2981043
1043035,0.27436304
1017174,0.35711795
1047924,0.3584976
1038586,0.27436304
1011805,0.2741514
1048311,0.27452603
1044609,0.27272353
1001320,0.2741514
1044992,0.32387093
1027123,0.28179437
1002344,0.31271333
1023161,0.2742939
1017527,0.27272353
1025805,0.28109425
1001488,0.3269543
1043664,0.27272353
1002051,0.2741514
1044756,0.27272353
1046992,0.27272353
1029657,0.34761825
1021900,0.35334912
1037278,0.326278
1025134,0.34027496
1045543,0.31557918
1002896,0.2968356
1010600,0.3350146
1014618,0.33699328
1003535,0.3395842
1046540,0.2741514
1024939,0.2841868
1039793,0.29087907
1034152,0.3553991
1045428,0.30057755
1042718,0.35312334
1010816,0.27272353
1000763,0.287086
1019619,0.29346845
1028129,0.27713242
1025519,0.2741514
1024757,0.31751946
1002790,0.28260514
1036698,0.27272353
1008144,0.27272353
1008085,0.331756
1001394,0.28313226
1020391,0.27436304
1029372,0.29637566
1006486,0.3350634
1007830,0.37110618
1032904,0.3585
1024111,0.36090046
1048195,0.3222158
1003144,0.36331055
1023438,0.29530734
1004329,0.33584362
1024473,0.31868288
1024970,0.27272353
1020904,0.2741514
1041784,0.2742939
1010047,0.27272353
1035244,0.27272353
1023875,0.2741514
1003764,0.29407105
1029025,0.27272353
1033300,0.27272353
1009135,0.2885152
1044352,0.36732256
1021747,0.2828347
1041665,0.28365362
1000368,0.29406524
1016906,0.27272353
1016805,0.27272353
1028933,0.2741514
1001776,0.27272353
1049973,0.27609956
1020329,0.36828232
1026702,0.34270972
1029160,0.32700303
1039908,0.33036098
1003632,0.3302514
1013239,0.30513304
1014009,0.30744058
1008187,0.30231792
1000645,0.31371278
1037395,0.3211913
1007003,0.27495974
1037190,0.30066675
1004658,0.28676784
1031972,0.2742939
1046675,0.27272353
1031897,0.27713242
1014909,0.29454756
1048261,0.35871
1019310,0.27272353
1027904,0.36010653
1038726,0.3109268
1002951,0.2758479
1024828,0.2742939
1023482,0.27272353
1037593,0.31792718
1017584,0.33542693
1030733,0.31523752
1039785,0.3289299
1012324,0.32152703
1022787,0.3008005
1003462,0.31610927
1030142,0.31448367
1041632,0.30708328
1023457,0.28281516
1011260,0.2741514
1046672,0.27272353
1036347,0.3179906
1001120,0.2742939
1038629,0.27272353
1019702,0.28792867
1006084,0.28281516
1031837,0.27272353
1027440,0.27272353
1002291,0.27272353
1019211,0.2773502
1024802,0.3389822
1040466,0.36090645
1002567,0.29832086
1023822,0.32948416
1039090,0.32616508
1000687,0.32188362
1046046,0.29952416
1026806,0.33372337
1035794,0.33322838
1049758,0.3170852
1015405,0.30597112
1006713,0.29564
1048134,0.27272353
1022539,0.28341857
1038388,0.27495974
1000241,0.27825284
1021910,0.37607783
1037581,0.27272353
1015492,0.31274128
1038485,0.3304426
1036104,0.30710426
1002815,0.32374528
1028367,0.31412172
1013467,0.30014008
1039922,0.33586323
1009987,0.29485518
1014226,0.32727355
1003710,0.27272353
1036372,0.2741514
1012012,0.2836271
1022842,0.29665023
1047163,0.2763794
1008640,0.27713242
1009835,0.33287233
1012571,0.3412127
1028889,0.29593465
1045707,0.2975586
1035386,0.30183443
1014936,0.35174653
1045463,0.3047883
1016814,0.307165
1035379,0.29485518
1004310,0.36954042
1027213,0.36362523
1006288,0.29923415
1001075,0.27770048
1037535,0.28309974
1039778,0.2741514
1035776,0.27272353
1027737,0.317461
1006349,0.32388878
1004994,0.34072098
1015493,0.29547507
1023217,0.31335896
1011970,0.3254257
1041387,0.36444348
1003307,0.33005896
1020497,0.32862288
1020418,0.27272353
1035816,0.2753547
1002908,0.3538677
1049271,0.365161
1000235,0.29506928
1027315,0.28779495
1002958,0.2983325
1034549,0.36681405
1042173,0.28470626
1001367,0.27272353
1048838,0.27272353
1035740,0.27272353
1013044,0.2959524
1023046,0.27272353
1012481,0.27272353
1015150,0.31389043
1011069,0.30269104
1028495,0.30780172
1007025,0.32566857
1002942,0.33139056
1002551,0.3219113
1015879,0.30656773
1045099,0.29579493
1017965,0.3368879
1031750,0.29138726
1029705,0.34859833
1026938,0.27272353
1048185,0.27501392
1040230,0.277423
1039826,0.33882338
1009192,0.27272353
1031387,0.27564353
1044820,0.3149331
1048284,0.35954976
1043644,0.31409687
1006020,0.36577994
1014626,0.34698412
1002667,0.29838282
1020510,0.32580534
1001241,0.33933958
1019105,0.3514608
1000682,0.32568455
1035786,0.28594315
1029873,0.34889963
1009162,0.31992453
1046463,0.34428605
1020249,0.31637594
1026875,0.31171036
1048935,0.3217759
1021439,0.30414924
1000744,0.3075173
1018249,0.3086246
1015635,0.34225628
1025003,0.36875778
1047194,0.29006582
1037722,0.3528138
1001623,0.3217878
1019298,0.28563422
1004404,0.28260514
1005109,0.27272353
1019077,0.30791265
1010191,0.29657596
1011766,0.30282074
1047521,0.2960989
1043876,0.32389474
1018965,0.30518314
1029881,0.30311596
1024650,0.31830457
1042522,0.30638134
1030513,0.27272353
1049815,0.27272353
1032611,0.27436304
1049575,0.3227055
1005571,0.36136326
1049839,0.33895603
1030348,0.3349239
1021548,0.3409833
1022606,0.29989475
1010809,0.35519823
1012461,0.30505362
1022747,0.31674907
1005520,0.2742939
1025618,0.36384842
1032046,0.2902232
1039850,0.3155125
1000160,0.37468728
1026468,0.31574395
1020420,0.30502382
1023405,0.29803863
1019740,0.30475315
1040117,0.31789574
1030062,0.30356812
1007306,0.3228272
1031024,0.2832753
1008518,0.277423
1013733,0.2741514
1021983,0.3410738
1031711,0.36149248
1041602,0.3072907
1047490,0.3335815
1030439,0.31005028
1001346,0.37188512
1044410,0.37987554
1023428,0.3184011
1049246,0.30716246
1017690,0.2742939
1040764,0.30722874
1037250,0.27272353
1049711,0.3108384
1031392,0.31871718
1002403,0.2977419
1021322,0.32554388
1014596,0.3267455
1009469,0.32525378
1034036,0.30366504
1005984,0.35343376
1044720,0.30835584
1020565,0.37251216
1048177,0.2741514
1026972,0.2931155
1010632,0.33218732
1004650,0.3271214
1036738,0.3501657
1015213,0.316837
1038459,0.31243032
1010073,0.36442658
1015508,0.2967244
1013480,0.34572247
1013193,0.3312826
1019598,0.28029305
1032470,0.27875012
1000355,0.27272353
1017879,0.27272353
1023925,0.36152732
1042655,0.2751102
1023181,0.27272353
1011529,0.27272353
1003358,0.2800609
1028136,0.27272353
1020534,0.27272353
1037647,0.28509015
1020809,0.28878146
1046592,0.2741514
1048476,0.27501392
1047773,0.28685862
1026119,0.27590418
1032850,0.28359348
1024751,0.2980494
1046934,0.3489198
1029190,0.2741514
1041125,0.277423
1036822,0.28175703
1044451,0.27272353
1038756,0.2878013
1018751,0.29403517
1027136,0.2741514
1045625,0.33999935
1015768,0.2742939
1034633,0.3584822
1017595,0.28493676
1027334,0.2867849
1003630,0.2741514
1007073,0.34559935
1016183,0.2741514
1013179,0.2848886
1009435,0.27272353
1041970,0.28693104
1004317,0.27272353
1012281,0.29142016
1046872,0.27459517
1013312,0.2742939
1003855,0.2742939
1029444,0.27713242
1030607,0.29016936
1003943,0.27272353
1025172,0.27272353
1047691,0.27272353
1038275,0.33915517
1000692,0.29033127
1008348,0.29352337
1024959,0.30236354
1020043,0.28872007
1038627,0.27617803
1015399,0.3593983
1009954,0.29375663
1016547,0.2741514
1010059,0.2741514
1005266,0.28531915
1024996,0.2741514
1020830,0.27501392
1031284,0.28346696
1025877,0.33976215
1016830,0.37731817
1020436,0.33836022
1017380,0.35920185
1009815,0.30969134
1049981,0.3399024
1021723,0.31319636
1038219,0.34082896
1022696,0.3021668
1029800,0.29843625
1019810,0.35996184
1015131,0.28924257
1029953,0.27272353
1037295,0.31069723
1023288,0.29198945
1014450,0.2742939
1030169,0.27558976
1028921,0.28290573
1002906,0.3402351
1004464,0.30972436
1006851,0.30400148
1038341,0.3175849
1020366,0.3241617
1041892,0.3481365
1027934,0.32322937
1035935,0.33307153
1040864,0.37072444
1034258,0.32361436
1020747,0.27436304
1009251,0.2741514
1023974,0.2899488
1002628,0.27272353
1005158,0.2741514
1020412,0.27272353
1003013,0.33038184
1015004,0.2963192
1030360,0.3208711
1027061,0.2960153
1006441,0.3126878
1020239,0.29926315
1027923,0.3427959
1026685,0.31196585
1039194,0.29529658
1011539,0.35490686
1002092,0.2741514
1028541,0.28217858
1042437,0.2741514
1044538,0.2742939
1040351,0.27272353
1014358,0.28361255
1027505,0.27512783
1034392,0.28331622
1001382,0.27599344
1032362,0.27272353
1001039,0.37165192
1005346,0.37070885
1022345,0.27272353
1019476,0.2741514
1034355,0.27272353
1025170,0.32844523
1039683,0.2870131
1009460,0.27436304
1014079,0.295358
1012956,0.2868813
1017071,0.27272353
1016491,0.27272353
1008866,0.2871402
1014903,0.32505116
1035867,0.32354754
1023329,0.27272353
1034296,0.2897491
1018939,0.2741514
1019233,0.28213727
1016434,0.2741514
1030053,0.28597823
1026263,0.27272353
1003668,0.35942712
1014770,0.27272353
1011532,0.29637888
1039434,0.3408876
1015969,0.27272353
1020509,0.3682105
1045842,0.38382322
1014217,0.36329058
1044523,0.27436304
1007891,0.3100287
1029319,0.2741514
1019454,0.2741514
1012869,0.29764327
1019664,0.28338838
1017296,0.27489862
1024654,0.29609522
1049404,0.34284157
1036821,0.27272353
1017426,0.2851824
1003038,0.27272353
1007250,0.2741514
1034513,0.27272353
1022656,0.2741514
1030201,0.343974
1017321,0.2741514
1019574,0.29869843
1046655,0.27272353
1038701,0.27272353
1010798,0.32520956
1008201,0.3069492
1031909,0.29522952
1032039,0.27436304
1046386,0.27436304
1009399,0.27272353
1026804,0.29482967
1008052,0.2741514
1008319,0.3377149
1005956,0.27272353
1041468,0.27272353
1005015,0.27272353
1023465,0.3444591
1003252,0.27512783
1002437,0.36601192
1001243,0.31985277
1036329,0.3737641
1019969,0.27713242
1014885,0.2867353
1002454,0.28650844
1020898,0.29012504
1004302,0.2742939
1035490,0.28784162
1015885,0.27272353
1005138,0.27969247
1041301,0.28727335
1037468,0.3235647
1001278,0.27272353
1005761,0.29122192
1002485,0.2778594
1008339,0.2741514
1018826,0.37329054
1040868,0.27436304
1036500,0.27272353
1007674,0.27436304
1047204,0.27770048
1003674,0.27272353
1043075,0.37252897
1043608,0.358253
1001739,0.2741514
1005757,0.27272353
1041326,0.27713242
1021168,0.27272353
1009494,0.2741514
1032337,0.27272353
1000558,0.3562386
1046865,0.27272353
1013781,0.27272353
1012624,0.31790274
1032001,0.32913917
1009631,0.2853732
1024104,0.36340705
1035496,0.29443505
1006862,0.28789896
1003364,0.27272353
1039020,0.2742939
1011256,0.3850881
1021056,0.33739114
1019487,0.27489454
1016996,0.27713242
1030549,0.2742939
1001487,0.27272353
1042063,0.27272353
1031579,0.27465016
1033816,0.29359967
1028500,0.27272353
1016201,0.28281516
1012343,0.2831157
1043269,0.27272353
1025509,0.27272353
1019678,0.2741514
1032981,0.3537672
1039193,0.27272353
1017886,0.27489454
1025607,0.27272353
1003194,0.357381
1028273,0.2861143
1011378,0.27272353
1022690,0.2741514
1025042,0.28385907
1046909,0.27452603
1022968,0.27436304
1009824,0.27489033
1022206,0.29770273
1022382,0.27272353
1006024,0.27272353
1002046,0.2742939
1042194,0.27272353
1005289,0.36286893
1038697,0.2741514
1030553,0.27272353
1036069,0.2741514
1018824,0.30472785
1005084,0.27272353
1041241,0.27272353
1009028,0.27272353
1032677,0.3138234
1030574,0.2959718
1018060,0.2930825
1044047,0.35491043
1023163,0.28079152
1035620,0.3676389
1023168,0.34244448
1041730,0.2741514
1004556,0.2986203
1048817,0.27272353
1002011,0.33757454
1018721,0.2742939
1021627,0.3326596
1036185,0.29087967
1047136,0.27272353
1036032,0.27272353
1049878,0.29656622
1037150,0.27272353
1003433,0.27272353
1008273,0.2742939
1027347,0.2849541
1047246,0.27272353
1036647,0.27272353
1035598,0.28341717
1034510,0.27272353
1038004,0.36894917
1004664,0.28914315
1042180,0.27272353
1041865,0.27272353
1021504,0.27495974
1048365,0.34015307
1032855,0.3565356
1046760,0.27489194
1024327,0.32079297
1016843,0.27272353
1024219,0.2742939
1003834,0.27272353
1030174,0.3601596
1045001,0.27272353
1021435,0.27272353
1018227,0.28365362
1036563,0.2742939
1002831,0.2974669
1031981,0.2741514
1039811,0.27272353
1031460,0.2741514
1023762,0.27272353
1030209,0.27272353
1022591,0.2741514
1000971,0.33855197
1032219,0.27670982
1009997,0.2742939
1049227,0.27272353
1016107,0.28260514
1036216,0.27713242
1049605,0.28800023
1008316,0.28629106
1015903,0.27272353
1043337,0.2942978
1036866,0.27272353
1039695,0.27272353
1003821,0.29192814
1048787,0.29656947
1002008,0.28580526
1006539,0.34432366
1016911,0.32011706
1036406,0.33957168
1045253,0.27436304
1011218,0.27272353
1041680,0.2741514
1047538,0.27272353
1006593,0.2742939
1007348,0.35217613
1019501,0.29651785
1012549,0.2742939
1001893,0.34545025
1036148,0.27272353
1034853,0.27713242
1044044,0.2741514
1039821,0.2742939
1044122,0.29107538
1033479,0.27272353
1024071,0.36287737
1010042,0.27272353
1023968,0.27272353
1009950,0.36175662
1022445,0.2904241
1040223,0.28906026
1010000,0.2775613
1021336,0.27551517
1018200,0.2919799
1036687,0.2840046
1011046,0.3186465
1000332,0.2757203
1015527,0.28822193
1033941,0.27436304
1018941,0.27272353
1029282,0.2741514
1002554,0.27272353
1043683,0.2922476
1012074,0.27272353
1049948,0.32401377
1000548,0.2758256
1048634,0.28138763
1037789,0.28439766
1004493,0.27436304
1044886,0.27272353
1028629,0.30429673
1046481,0.2741514
1026667,0.2742939
1039809,0.31823042
1011079,0.3081023
1019578,0.2741514
1011483,0.2741514
1049883,0.27667347
1003123,0.27272353
1033580,0.27272353
1012879,0.2741514
1021282,0.37635347
1020766,0.3072566
1000009,0.33206874
1048265,0.3095267
1010807,0.34210125
1021052,0.29710037
1035183,0.31400418
1010261,0.32384843
1024248,0.33366883
1027384,0.2986897
1009864,0.2741514
1021002,0.28260514
1026459,0.312612
1030414,0.27516407
1005803,0.30367094
1026257,0.28580165
1020702,0.28706983
1044920,0.34147096
1047106,0.31640813
1002037,0.30417246
1024763,0.36543468
1035172,0.36418778
1023445,0.31479773
1035180,0.34547728
1039036,0.31838882
1048255,0.34764728
1014609,0.27489454
1021865,0.28213075
1013693,0.29919684
1007103,0.27272353
1033995,0.28331086
1025954,0.27272353
1042620,0.27272353
1047927,0.27272353
1024380,0.2742939
1043575,0.3273568
1032062,0.29806128
1008331,0.32771438
1000559,0.30736494
1023570,0.38317862
1027028,0.31692016
1007772,0.29874793
1000915,0.32437283
1011866,0.31600457
1035741,0.27272353
1043537,0.27272353
1041212,0.27713242
1046700,0.27272353
1004179,0.2742939
1006149,0.27272353
1040089,0.34512284
1039899,0.27272353
1049820,0.27497703
1020019,0.2926366
1012419,0.29708076
1030628,0.3274673
1005599,0.29981333
1016918,0.32193485
1041957,0.3636903
1025993,0.34236282
1025077,0.35029978
1043179,0.3209765
1033929,0.3121933
1003627,0.33169574
1048936,0.3311177
1021775,0.2741514
1019505,0.2757937
1014397,0.2742939
1016853,0.3656741
1032514,0.3398459
1026525,0.31307238
1015662,0.31145173
1001618,0.30215117
1035202,0.33833212
1002420,0.35228106
1036502,0.3474335
1009781,0.3424754
1040563,0.27272353
1039762,0.28653398
1041472,0.28662196
1014415,0.30261293
1019773,0.29477403
1030374,0.33808425
1048758,0.32920048
1023746,0.3074705
1013586,0.33346438
1039920,0.30992007
1006141,0.3106431
1043062,0.30296144
1043041,0.34794873
1033113,0.27272353
1004684,0.2757937
1048870,0.27272353
1018057,0.27272353
1022361,0.28737816
1003808,0.34925145
1034710,0.28543264
1035915,0.2741514
1005963,0.2763853
1024047,0.27272353
1047259,0.2741514
1014649,0.28683573
1027953,0.32012793
1015313,0.27272353
1041773,0.2742939
1017137,0.35809505
1049157,0.27272353
1044623,0.27272353
1020371,0.2742939
1018583,0.27272353
1012392,0.27272353
1025850,0.28617454
1033640,0.2742939
1043727,0.27550897
1031473,0.2741514
1017232,0.27272353
1041176,0.29914993
1013589,0.27272353
1019965,0.3183668
1021763,0.2741514
1037606,0.2921005
1024197,0.3542845
1005209,0.2741514
1000974,0.3629455
1039706,0.27713242
1029996,0.27272353
1025105,0.27489454
1002207,0.2741514
1004890,0.27753252
1044818,0.28363663
1002165,0.27272353
1039823,0.3672592
1047339,0.27272353
1022727,0.28600055
1015669,0.28258085
1027997,0.27790874
1011097,0.28588635
1008325,0.27272353
1015309,0.29805923
1028812,0.3576634
1003104,0.28753147
1034761,0.3289364
1037339,0.27272353
1008130,0.27272353
1009894,0.27272353
1016170,0.2773502
1011410,0.27272353
1007270,0.27272353
1030688,0.27272353
1020527,0.27272353
1025009,0.3773101
1035621,0.3270554
1017323,0.27565938
1049580,0.29644042
1049230,0.27272353
1017389,0.3600349
1024659,0.28098556
1004016,0.2742939
1045252,0.2742939
1040931,0.34091648
1021707,0.27272353
1017505,0.28260514
1035721,0.31140688
1007746,0.2872318
1019682,0.27272353
1047600,0.369003
1023371,0.3542523
1048025,0.35272643
1019472,0.2741514
1026697,0.29597515
1031910,0.27272353
1030795,0.28522116
1014846,0.27272353
1024496,0.35099453
1001037,0.27713242
1031228,0.2942982
1030536,0.27872953
1005240,0.27272353
1007859,0.27272353
1013003,0.27272353
1021372,0.2741514
1041314,0.29274303
1040173,0.36881647
1014357,0.33508593
1042531,0.30723038
1021298,0.33667183
1006960,0.30974817
1000509,0.36068612
1011918,0.35259497
1031899,0.31979907
1027410,0.3371883
1011514,0.30175802
1035831,0.2919693
1018418,0.27272353
1049748,0.29886624
1005515,0.2741514
1014907,0.35952014
1007542,0.27436304
1008148,0.2742939
1018921,0.27436304
1035512,0.29025263
1034228,0.2876799
1025408,0.2784997
1046631,0.33647892
1030424,0.29644167
1004450,0.32251555
1049739,0.3470738
1042010,0.37026432
1012799,0.32429147
1019646,0.35724425
1037965,0.29560354
1034313,0.3193276
1006232,0.2741514
1008988,0.2742939
1002632,0.36727822
1019018,0.27713242
1045852,0.27272353
1017038,0.27272353
1025096,0.29030848
1042247,0.2741514
1005699,0.34197503
1041807,0.27770048
1035165,0.31143767
1042122,0.2742939
1040523,0.34908253
1028720,0.27272353
1031316,0.28281516
1016353,0.32266548
1047764,0.29823947
1024408,0.34275633
1047069,0.3851632
1000091,0.3275212
1016870,0.3010385
1019016,0.3195015
1017163,0.29944533
1034073,0.31971553
1030366,0.27436304
1010091,0.36115915
1029936,0.30425915
1028901,0.27272353
1034601,0.27272353
1002561,0.35095745
1030859,0.28411394
1026384,0.2876858
1008663,0.29366618
1036295,0.30053788
1021798,0.27272353
1021631,0.38383764
1004426,0.29107982
1027928,0.30806735
1040929,0.27272353
1031860,0.28356773
1001174,0.2922892
1020466,0.29175207
1015174,0.28489444
1025389,0.36151692
1035795,0.28529572
1000076,0.2783304
1015506,0.28863293
1011040,0.37917376
1043663,0.28741622
1006099,0.27985662
1012744,0.2737146
1025661,0.27272353
1041687,0.27272353
1018234,0.30473396
1020882,0.29658717
1044082,0.27272353
1034013,0.3629962
1009069,0.28652096
1015854,0.28403392
1028364,0.3644967
1001513,0.27512783
1032172,0.2741514
1049493,0.27272353
1016421,0.27551517
1048659,0.27272353
1048521,0.27272353
1026652,0.31404442
1003176,0.3620103
1045951,0.3465523
1021102,0.31209534
1033557,0.3618037
1042840,0.3101521
1045774,0.34511802
1015522,0.3054504
1041084,0.31460708
1035150,0.27272353
1001885,0.27272353
1044267,0.28505763
1048925,0.27633506
1040415,0.28033763
1030032,0.27272353
1036346,0.3544904
1011247,0.2741514
1043204,0.2741514
1021205,0.34626102
1037546,0.2742939
1011413,0.28439766
1049699,0.27386355
1026986,0.27272353
1004628,0.33276305
1044387,0.2922743
1039484,0.27508312
1033527,0.33401483
1046732,0.3405885
1049732,0.33775827
1046064,0.3028811
1016761,0.32035413
1047898,0.3351686
1005303,0.3685799
1049264,0.3333718
1036438,0.30215737
1036379,0.3078428
1005009,0.27272353
1038693,0.27272353
1022935,0.27272353
1008564,0.32081145
1024767,0.27555743
1041830,0.2741514
1027272,0.29290718
1031156,0.27272353
1006602,0.28458115
1016475,0.27436304
1012118,0.34605658
1007712,0.27272353
1020130,0.30631864
1048049,0.33378696
1015160,0.2835986
1049414,0.33255094
1022592,0.33906668
1013521,0.36952993
1021832,0.33434835
1010660,0.3157025
1027974,0.30310282
1040452,0.34230584
1024587,0.34618878
1025020,0.3340478
1033448,0.27272353
1046993,0.27272353
1040498,0.32328528
1003551,0.27512783
1035248,0.27272353
1049827,0.30867738
1049013,0.2741514
1038123,0.2962307
1005619,0.2741514
1042085,0.27770048
1039222,0.27272353
1030595,0.2922284
1034204,0.27687326
1037757,0.27272353
1011550,0.32125986
1030761,0.30793887
1001560,0.34615007
1007563,0.3022437
1008758,0.3165606
1039340,0.29485518
1018566,0.3413759
1031360,0.29565525
1020479,0.31800348
1006760,0.29932958
1016026,0.27272353
1008820,0.27272353
1012938,0.27272353
1048527,0.28733438
1027654,0.2737146
1018592,0.27632326
1044556,0.28281516
1014463,0.32569146
1011322,0.27717197
1036747,0.2951742
1022859,0.36580533
1045067,0.2989605
1035674,0.3001183
1011605,0.31850678
1000641,0.35122454
1021411,0.3032146
1022660,0.32052132
1024267,0.32843795
1046047,0.27272353
1001610,0.27272353
1012677,0.2741514
1014311,0.2742939
1009941,0.27272353
1001062,0.28615895
1015693,0.34271473
1003051,0.27272353
1026160,0.2742939
1029946,0.33005327
1018788,0.3020181
1040515,0.2978652
1035552,0.3140165
1049113,0.30331522
1044864,0.3018477
1024488,0.3407362
1017464,0.2994384
1044965,0.3631696
1005082,0.27272353
1048257,0.27501392
1025910,0.2742939
1015646,0.2742939
1047220,0.33365327
1028437,0.2812087
1045515,0.2741514
1008968,0.2742939
1017026,0.27272353
1008060,0.30643663
1014802,0.33950806
1043084,0.30754504
1026125,0.31688637
1027155,0.32642362
1013344,0.29676786
1031414,0.30891496
1000711,0.30921683
1025316,0.31293455
1001168,0.27272353
1005796,0.277423
1034906,0.28836912
1042335,0.27272353
1035856,0.27272353
1016224,0.2758761
1012844,0.3524993
1035536,0.37340888
1011115,0.2794009
1039622,0.35425252
1037663,0.3550541
1017581,0.3180793
1011635,0.34672505
1004549,0.33285028
1046330,0.30423787
1004926,0.300919
1042632,0.3742489
1040596,0.3336355
1043199,0.27272353
1012578,0.2741514
1015091,0.27272353
1047897,0.286405
1021639,0.2741514
1021698,0.2765353
1001087,0.33426937
1021919,0.31161937
1036579,0.32812107
1017367,0.32763192
1006558,0.33400956
1019307,0.3349387
1025620,0.30317026
1033739,0.30322373
1001246,0.34345815
1001028,0.28439766
1031435,0.2758844
1014200,0.37640738
1031991,0.29129422
1035071,0.27272353
1025129,0.316037
1012788,0.28145203
1003699,0.2911138
1006495,0.27672425
1001543,0.30721998
1033339,0.30810705
1013791,0.3208112
1026585,0.31328553
1006132,0.35526934
1005113,0.3654819
1002993,0.3247879
1011061,0.30508095
1026374,0.33363622
1023791,0.39030716
1020525,0.29624754
1033713,0.27272353
1039947,0.2742939
1037373,0.27272353
1031343,0.27272353
1044194,0.27272353
1049195,0.285428
1024150,0.35343722
1042470,0.36356828
1041150,0.35135594
1046357,0.32695508
1030497,0.32527566
1045921,0.33712277
1040332,0.30962488
1013226,0.34414524
1016006,0.31603998
1015355,0.31363624
1043645,0.2845449
1043508,0.33123678
1004208,0.2741514
1027429,0.27770048
1043767,0.29762173
1000017,0.28952724
1002543,0.27272353
1022226,0.2741514
1030258,0.3754095
1012754,0.2741514
1032075,0.2741514
1010956,0.27746302
1046238,0.27272353
1031015,0.27272353
1043471,0.2741514
1049947,0.35023344
1017369,0.30824888
1049398,0.34448856
1048748,0.30839896
1029230,0.3632725
1013363,0.36359692
1028262,0.3049634
1021638,0.31301105
1038737,0.3329008
1043573,0.28290573
1026205,0.2926896
1047034,0.2741514
1004430,0.27272353
1023315,0.2741514
1040343,0.27272353
1017819,0.33928704
1029037,0.31651393
1023387,0.2881659
1009025,0.28376395
1034084,0.34694523
1027985,0.3099808
1001728,0.27272353
1028118,0.32037693
1009807,0.27894717
1037041,0.27489454
1041061,0.27272353
1045673,0.27272353
1024167,0.2806211
1040491,0.27436304
1049510,0.2741514
1024607,0.27272353
1024889,0.27272353
1014294,0.3065063
1010176,0.27272353
1045142,0.2832952
1049379,0.29275241
1032193,0.2742939
1044622,0.27713242
1032152,0.27625266
1003733,0.28914288
1028456,0.2741514
1015374,0.27600688
1004133,0.2741514
1012491,0.29071885
1026601,0.2883895
1022871,0.2773382
1003338,0.27523938
1035281,0.27272353
1031325,0.2782547
1044573,0.27272353
1041186,0.27272353
1007706,0.36860043
1006899,0.27272353
1002523,0.27705732
1034402,0.29078278
1026147,0.28581852
1004411,0.3529672
1010533,0.27272353
1009395,0.37576205
1032527,0.314606
1013891,0.27272353
1010377,0.36347646
1036683,0.3607238
1011263,0.31052366
1010135,0.27561086
1019475,0.2763794
1025764,0.2741514
1008005,0.27272353
1047583,0.37236708
1028552,0.36611617
1020971,0.36284083
1015892,0.28205293
1048819,0.27508014
1047289,0.276229
1019917,0.28456718
1026168,0.28567523
1005551,0.2741514
1037713,0.27272353
1002565,0.27272353
1000307,0.28706232
1046868,0.27272353
1000788,0.29009193
1035639,0.27713242
1040473,0.27272353
1047866,0.27272353
1031090,0.27272353
1038817,0.3559885
1032387,0.27272353
1038083,0.29280236
1013380,0.36282077
1043510,0.27713242
1024852,0.28289133
1011713,0.27272353
1008675,0.2775218
1012607,0.2806601
1008702,0.27957147
1027830,0.28168407
1024653,0.3377029
1040810,0.34259874
1043142,0.27534422
1004652,0.32986337
1011334,0.27272353
1029782,0.30669194
1027181,0.27272353
1016060,0.27272353
1027624,0.29538798
1006497,0.31222
1003145,0.3688009
1020669,0.31171387
1033011,0.3294642
1003762,0.2968356
1036144,0.3389979
1029537,0.35282165
1035802,0.33013552
1042588,0.27272353
1008241,0.27272353
1028806,0.27497703
1022908,0.29812223
1017524,0.3183736
1022695,0.27272353
1029980,0.34390152
1003394,0.27272353
1014234,0.2741514
1038134,0.27272353
1006494,0.28221634
1003663,0.27272353
1015625,0.2814964
1040719,0.27272353
1031980,0.27792642
1022888,0.35057777
1006077,0.2741514
1036228,0.27436304
1032507,0.27489454
1043938,0.27436304
1014149,0.28938997
1011240,0.28190327
1044823,0.2741514
1027078,0.27272353
1022825,0.2741514
1017868,0.29675144
1005267,0.2945661
1013270,0.29444534
1013314,0.30975574
1012812,0.27272353
1027946,0.37707385
1017035,0.27272353
1043858,0.27780932
1030367,0.2741514
1030177,0.27272353
1012130,0.27838808
1021195,0.3254745
1042034,0.33516678
1038746,0.27272353
1035781,0.34688708
1044436,0.27272353
1015936,0.2758479
1042208,0.2742939
1018662,0.27436304
1036615,0.27272353
1039412,0.2741514
1047366,0.35315418
1042958,0.27436304
1014619,0.34499672
1031667,0.27272353
1026510,0.2741514
1034694,0.27272353
1001876,0.27272353
1029467,0.28909263
1015726,0.27272353
1042485,0.35636097
1040688,0.2831157
1042364,0.27272353
1042203,0.27713242
1004725,0.27272353
1049424,0.2741514
1013048,0.2741514
1000187,0.30459014
1042259,0.32903188
1039201,0.27272353
1007965,0.32371402
1018935,0.29567808
1035565,0.27272353
1036058,0.2755827
1004178,0.33419782
1005322,0.2741514
1034892,0.27272353
1026416,0.27272353
1026484,0.27272353
1028987,0.29613551
1016374,0.2742939
1048310,0.36167493
1004717,0.3700065
1009515,0.2742939
1049859,0.2814179
1029139,0.2742939
1022515,0.2741514
1048330,0.2741514
1023310,0.27573863
1041545,0.2813787
1002791,0.27272353
1028760,0.2741514
1009566,0.34720725
1039936,0.30237
1049352,0.27272353
1013353,0.29570654
1015665,0.35708657
1002668,0.29073578
1026963,0.277
1003135,0.2741514
1029143,0.27272353
1023681,0.27272353
1015688,0.27456766
1022024,0.27378255
1027797,0.2741514
1011338,0.2741514
1010158,0.28278014
1042216,0.2741514
1019568,0.34211293
1008918,0.2920631
1013803,0.2741514
1040437,0.38339394
1038041,0.27625266
1043032,0.3712662
1022597,0.29218328
1023983,0.28439766
1020649,0.27713242
1036018,0.2742939
1021351,0.28881177
1017141,0.27272353
1034603,0.27272353
1048144,0.3673151
1003095,0.28033984
1013955,0.2832753
1045215,0.27272353
1003620,0.27272353
1011463,0.27272353
1015670,0.27272353
1044776,0.30022007
1004230,0.27456766
1014188,0.27272353
1024965,0.34759197
1007010,0.32669762
1022405,0.34439024
1007744,0.2977592
1029842,0.3658093
1030113,0.32651874
1046451,0.3116154
1003567,0.33856583
1023007,0.3136797
1020506,0.2794698
1029475,0.27272353
1025922,0.27272353
1049542,0.35092336
1040601,0.27941686
1014183,0.28439766
1041500,0.27272353
1028815,0.2851615
1048192,0.2741514
1008492,0.28365362
1048901,0.27272353
1027977,0.2741514
1000957,0.27272353
1026755,0.27272353
1046384,0.27272353
1049086,0.34313726
1048092,0.3318278
1046614,0.3066195
1035671,0.32536212
1046769,0.30993095
1015359,0.29632926
1024944,0.31097537
1048683,0.3125104
1044650,0.31662637
1043777,0.28860492
1012743,0.28098556
1019822,0.28230086
1012932,0.28464952
1023855,0.27523938
1006300,0.2742939
1003193,0.27611685
1020804,0.3179466
1028058,0.27272353
1035273,0.3721829
1004305,0.31526107
1006612,0.34696066
1020508,0.3604928
1040072,0.32490912
1004247,0.29802012
1000328,0.31944588
1025633,0.37177232
1016036,0.31939834
1027218,0.3305154
1017036,0.27272353
1024238,0.2742939
1034753,0.2741514
1002272,0.28260514
1004553,0.27272353
1044643,0.37512356
1049661,0.29604602
1043528,0.31079468
1017146,0.27272353
1036037,0.34680456
1039229,0.2742939
1045280,0.3126139
1025983,0.29477403
1008337,0.3502549
1026364,0.29477403
1039272,0.32936874
1007147,0.35165828
1044851,0.29788536
1044789,0.34368172
1032876,0.29996687
1012865,0.3649429
1027434,0.2847927
1037841,0.27272353
1037562,0.27672425
1048720,0.28417456
1032715,0.27489454
1007681,0.28242195
1002024,0.2953129
1036850,0.29014316
1010005,0.27272353
1012429,0.27272353
1035396,0.27272353
1036442,0.2827651
1020259,0.28384453
1033706,0.2741514
1024069,0.27272353
1020365,0.36732122
1010147,0.28476536
1034727,0.31488967
1041278,0.30034438
1016397,0.34191388
1013328,0.30132854
1042957,0.34083733
1005155,0.31739354
1023936,0.3190084
1047083,0.30361944
1009805,0.34005362
1041118,0.315999
1010338,0.32029882
1039589,0.27272353
1008387,0.29628867
1018563,0.27713242
1008243,0.27272353
1010210,0.27272353
1038217,0.36700556
1013548,0.27436304
1049898,0.28140384
1035672,0.29351372
1003684,0.27272353
1026819,0.28386447
1010989,0.29768786
1032073,0.31133336
1003519,0.36197826
1007188,0.2742939
1032190,0.28647643
1026316,0.2742939
1047575,0.30509213
1022951,0.27272353
1048419,0.35173517
1010219,0.2864811
1042305,0.27763805
1015961,0.27272353
1045429,0.3164282
1014726,0.27272353
1012391,0.2741514
1037281,0.27272353
1041854,0.2741514
1034756,0.27272353
1011671,0.3404288
1045051,0.27272353
1018422,0.2742939
1024359,0.27512783
1011910,0.30656093
1016160,0.27272353
1021452,0.2741514
1028247,0.27272353
1038221,0.27272353
1040951,0.27489454
1023938,0.27272353
1033540,0.2742939
1025394,0.2840974
1038827,0.27548486
1017649,0.27272353
1017941,0.28939384
1019639,0.27272353
1021532,0.28964886
1004461,0.35136664
1020614,0.28384057
1040065,0.27272353
1039178,0.27713242
1034494,0.30198056
1012957,0.35798752
1030140,0.27272353
1029094,0.27713242
1012732,0.32466218
1012004,0.30952716
1022715,0.3327306
1016681,0.32859582
1012347,0.36353737
1029388,0.36094174
1040620,0.2994832
1035687,0.29812673
1040467,0.3167191
1025680,0.32792315
1024281,0.3711348
1027105,0.27272353
1038881,0.34815496
1024452,0.3446222
1017840,0.27489454
1014664,0.27272353
1022240,0.29613632
1029789,0.3172167
1027444,0.27272353
1003605,0.2741514
1019147,0.34840482
1045892,0.27793512
1043339,0.27436304
1013131,0.35690057
1014204,0.2741514
1004590,0.2913917
1018352,0.27272353
1014076,0.32878578
1014095,0.341502
1042706,0.31648174
1030877,0.3101626
1010344,0.32331353
1046927,0.30733752
1036388,0.30225146
1036550,0.30234796
1036790,0.34442765
1022332,0.2741514
1034396,0.30256945
1031884,0.27272353
1048018,0.36688656
1022889,0.27272353
1048669,0.27272353
1031177,0.2741514
1013140,0.27713242
1047488,0.35734513
1045206,0.2779069
1021199,0.283708
1016203,0.29555658
1008929,0.33094066
1043718,0.30636495
1043108,0.29760656
1036171,0.2996501
1003402,0.33913368
1014780,0.29902783
1002821,0.3373682
1028026,0.3043088
1000207,0.30812308
1006311,0.27272353
1012885,0.35890716
1009368,0.29431096
1004989,0.2741514
1020760,0.34196538
1049759,0.27272353
1000290,0.27655637
1020965,0.27272353
1041587,0.37997675
1011572,0.33655652
1014162,0.30235964
1032447,0.27687028
1037926,0.35925272
1007417,0.34648895
1016172,0.28281516
1044627,0.27272353
1001576,0.3445024
1003467,0.27272353
1036422,0.27272353
1005117,0.27272353
1006368,0.2741514
1043942,0.3341717
1011837,0.27272353
1049158,0.28762156
1016538,0.33512154
1024672,0.27436304
1010440,0.3694091
1027080,0.27272353
1032950,0.27489194
1012943,0.27550897
1040659,0.2741514
1038841,0.2742939
1037603,0.27489454
1012889,0.27272353
1013029,0.2741514
1048424,0.2741514
1046080,0.2835639
1037753,0.3324067
1006188,0.30019102
1017946,0.2741514
1014928,0.2741514
1048970,0.36259317
1034705,0.32239103
1021492,0.27272353
1000846,0.35074842
1047234,0.27272353
1005060,0.2742939
1003084,0.27272353
1003113,0.2741514
1023372,0.27272353
1023848,0.27272353
1002332,0.27272353
1021132,0.28572157
1019797,0.27636358
1014199,0.2838027
1022149,0.29453707
1025623,0.2877741
1044474,0.27272353
1019210,0.277423
1011272,0.2782878
1000264,0.27652866
1033674,0.31534198
1044453,0.34345776
1018528,0.27272353
1044182,0.29324457
1049487,0.27272353
1025614,0.2741514
1025097,0.35899922
1048440,0.34794986
1000516,0.28699547
1046754,0.30984223
1006817,0.3313774
1047820,0.29188696
1001757,0.27780932
1026329,0.333497
1033679,0.29111367
1022131,0.2835641
1044895,0.3761189
1032240,0.35561645
1022603,0.30796087
1027302,0.27272353
1036568,0.30245018
1042837,0.28290573
1045083,0.33258387
1022471,0.2741514
1035258,0.28208742
1015088,0.2741514
1026379,0.2741514
1020060,0.2741514
1034365,0.2741514
1017253,0.27272353
1009518,0.27600688
1048417,0.3534354
1038598,0.3376023
1018815,0.29513377
1047080,0.27536002
1021600,0.2741514
1033139,0.2741514
1027098,0.27272353
1024413,0.2890966
1044874,0.321629
1024272,0.334409
1035580,0.37249625
1032658,0.3474707
1035850,0.27272353
1019257,0.2738933
1000476,0.28948697
1013979,0.3194766
1016161,0.32650128
1024865,0.32494465
1041962,0.3105429
1005499,0.3595652
1004431,0.34027332
1012315,0.37100163
1028574,0.2986926
1005487,0.31486803
1022135,0.34538636
1029317,0.2993432
1009900,0.30634123
1039522,0.34134254
1028723,0.3063112
1023107,0.3466534
1033324,0.29798394
1038229,0.31046325
1045862,0.32772404
1035904,0.29477403
1041532,0.2861742
1002335,0.2977419
1002146,0.31286827
1034950,0.32782346
1018615,0.30178404
1024178,0.29873464
1036599,0.34956807
1021988,0.33039862
1013832,0.36778152
1014997,0.30478206
1035073,0.29563084
1011684,0.27272353
1019705,0.27272353
1010797,0.28302735
1011802,0.31678557
1049600,0.27484488
1004400,0.27272353
1016109,0.27272353
1031034,0.29433793
1035217,0.29164314
1030468,0.35400692
1046757,0.27272353
1004598,0.2742939
1008287,0.30949345
1047383,0.2741514
1048005,0.35482955
1045633,0.3820495
1047141,0.3518719
1045146,0.31374282
1006907,0.3275767
1021680,0.29978573
1003021,0.31561348
1034773,0.3668761
1030545,0.32957655
1043048,0.35132757
1006937,0.28927612
1042451,0.2741514
1031259,0.2844967
1041199,0.2841629
1004649,0.27565938
1023137,0.27272353
1022238,0.28768128
1025011,0.31114796
1040423,0.27561086
1016168,0.29651386
1010546,0.27512783
1019152,0.30493292
1009277,0.36008388
1015632,0.3296551
1001984,0.32721266
1016736,0.29549736
1002814,0.32411948
1031928,0.3426243
1015790,0.34794027
1036909,0.31776577
1029504,0.2754431
1044280,0.34026366
1011122,0.3352028
1040679,0.31935617
1014223,0.28260514
1031589,0.3258864
1003992,0.34482813
1026307,0.35812962
1039093,0.33012405
1027106,0.309483
1005171,0.32746315
1038171,0.32845607
1034107,0.3194207
1006244,0.29587054
1007582,0.30854166
1012195,0.2952444
1020784,0.33021274
1010127,0.33795407
1001290,0.27632222
1003274,0.2741514
1039094,0.27598652
1003470,0.2741514
1035962,0.27272353
1040675,0.27484488
1031472,0.277
1008928,0.2877816
1036800,0.2741514
1012151,0.35267597
1040799,0.337078
1049257,0.3092108
1031480,0.29477403
1033374,0.331353
1046749,0.30701518
1040849,0.33961383
1043353,0.3881262
1033684,0.36602074
1010909,0.3159302
1043811,0.29740766
1020435,0.2831157
1019453,0.27272353
1031875,0.342417
1044952,0.28281516
1032598,0.32967192
1041392,0.31018582
1011599,0.33169907
1034555,0.32617608
1029320,0.3007862
1036159,0.35351944
1017484,0.3109161
1022220,0.31320223
1029161,0.33875123
1019567,0.27272353
1046759,0.27272353
1030967,0.33766493
1019408,0.28725815
1007961,0.28884917
1024701,0.2741514
1010579,0.29078427
1035423,0.2741514
1004765,0.35628915
1034390,0.27272353
1019518,0.3712758
1026078,0.27436304
1044071,0.33786327
1027264,0.3069381
1027412,0.3034293
1022926,0.36337072
1014388,0.34785637
1042807,0.29632926
1011941,0.32739145
1002600,0.32042968
1032921,0.36971664
1042604,0.2875323
1045179,0.3660336
1012120,0.27272353
1024784,0.27272353
1012897,0.27272353
1024812,0.2741514
1030400,0.34334674
1024658,0.27272353
1023043,0.27272353
1042551,0.33150336
1040250,0.33965454
1045976,0.36148268
1038024,0.27272353
1002768,0.31454566
1001237,0.3388908
1022709,0.3545482
1040560,0.35245645
1043954,0.370714
1008892,0.33161443
1003413,0.3047647
1026244,0.33751392
1023279,0.3408411
1001856,0.2742939
1011521,0.27272353
1027912,0.2741514
1049753,0.2800834
1020537,0.27272353
1042657,0.27272353
1047707,0.2866427
1028319,0.29565698
1026215,0.2742939
1043156,0.2741514
1034946,0.3446414
1005348,0.31692022
1041164,0.31021786
1021413,0.32689807
1008870,0.34572116
1006810,0.3704658
1008465,0.3558002
1017185,0.33875313
1009921,0.3260728
1033114,0.28310674
1007221,0.27272353
1023885,0.3461451
1005061,0.33340913
1001955,0.32969338
1017142,0.31594247
1035432,0.3035944
1002176,0.3325783
1016191,0.33350694
1022812,0.33488762
1005286,0.32626542
1022725,0.36046606
1027198,0.28420573
1040317,0.28000742
1017105,0.27436304
1014949,0.3755703
1038855,0.27436304
1041886,0.2741514
1044362,0.30300486
1034519,0.3527197
1042508,0.27272353
1007842,0.2897473
1047741,0.37603924
1037489,0.36379975
1030887,0.30053186
1046139,0.2964035
1046847,0.37115362
1022287,0.27272353
1030355,0.34648687
1049340,0.27609956
1028236,0.27272353
1015981,0.31646663
1010964,0.27272353
1046973,0.27459517
1028368,0.2741514
1030637,0.27272353
1020267,0.2741514
1001607,0.27713242
1046213,0.27272353
1020668,0.3015879
1014433,0.2741514
1042238,0.2840075
1037218,0.27272353
1039403,0.27272353
1026271,0.27272353
1035864,0.33765456
1022683,0.27497703
1018118,0.2742939
1047545,0.27501392
1047768,0.28109288
1007023,0.2775778
1012111,0.2741514
1011849,0.27566648
1018806,0.2839334
1043345,0.27723923
1010118,0.3417974
1002495,0.27272353
1005420,0.29785252
1030933,0.27272353
1037350,0.2741514
1031686,0.34918356
1037972,0.2741514
1019731,0.34360296
1029194,0.27680412
1038553,0.27272353
1022047,0.27272353
1023637,0.28683668
1015392,0.36771792
1038040,0.35488492
1004216,0.2741514
1021250,0.27272353
1038865,0.37395564
1009391,0.28324264
1015728,0.35260296
1013292,0.28875616
1013844,0.32091433
1049998,0.29649454
1026115,0.29219687
1022243,0.28183052
1006004,0.29767805
1045972,0.28656894
1038220,0.29119197
1004148,0.2742939
1027730,0.2789259
1021584,0.27489033
1003581,0.28210452
1007837,0.2922923
1018848,0.35582262
1032456,0.27495974
1030212,0.27436304
1034453,0.27272353
1039562,0.27272353
1007307,0.27637658
1004502,0.2741514
1044115,0.34852535
1005558,0.28281516
1043022,0.2766962
1004966,0.28281516
1024245,0.34577388
1017388,0.3600498
1041048,0.3143988
1020681,0.33574742
1002082,0.30919808
1048105,0.33389512
1000022,0.35642752
1010692,0.29580727
1014634,0.34226885
1004228,0.27272353
1004232,0.27272353
1019900,0.27272353
1036501,0.27272353
1041554,0.3537058
1005022,0.27272353
1007022,0.30753797
1034798,0.28260514
1015744,0.27763805
1024310,0.27272353
1047469,0.27713242
1020637,0.27272353
1018078,0.277423
1007807,0.36629185
1013638,0.2741514
1017018,0.27272353
1040683,0.27436304
1049316,0.27536002
1013043,0.3303981
1039384,0.32839948
1048227,0.33926827
1008618,0.2969184
1027741,0.29652652
1048089,0.3738938
1007240,0.34094593
1034074,0.29604155
1003765,0.29777163
1027964,0.27272353
1004655,0.3451317
1020467,0.27272353
1038714,0.27272353
1024801,0.27272353
1030148,0.3445593
1008973,0.2737146
1003359,0.2741514
1018762,0.29342672
1045956,0.28603023
1024053,0.29723883
1047659,0.28093094
1024199,0.2759362
1022726,0.37583372
1037286,0.3205586
1037776,0.3115604
1020960,0.35849637
1021844,0.35203335
1010401,0.34032708
1001900,0.32410878
1007860,0.35583872
1030392,0.31268358
1042187,0.2885812
1037504,0.3383836
1010902,0.2737855
1006779,0.34901494
1041221,0.29899168
1009336,0.2741514
1020976,0.27456766
1003655,0.35587496
1008531,0.27272353
1036023,0.27272353
1047603,0.3760932
1036762,0.28591514
1027940,0.29692382
1019001,0.36953288
1007282,0.36019105
1008849,0.27272353
1006464,0.3237982
1040311,0.33608913
1024826,0.3346778
1020081,0.36964107
1049317,0.35120338
1028795,0.36878106
1049843,0.34485826
1022465,0.3458663
1029361,0.37159336
1044626,0.27512783
1038738,0.27713242
1009709,0.27272353
1001464,0.27977
1040684,0.37439424
1041748,0.27272353
1008521,0.3552193
1039150,0.34162596
1011292,0.32727015
1034647,0.3304656
1004161,0.3300882
1036512,0.36744326
1028304,0.36530957
1030750,0.32821572
1040640,0.3098324
1024968,0.3211372
1044873,0.27272353
1016551,0.27436304
1039184,0.32915217
1000006,0.3654097
1037207,0.3661024
1014950,0.33105347
1045962,0.30677667
1024507,0.31334022
1041037,0.36237648
1031366,0.34477422
1041116,0.3410107
1042128,0.3122488
1044798,0.37782168
1049750,0.3782049
1000993,0.2741514
1032606,0.27512783
1015351,0.34236777
1039590,0.28750247
1012887,0.28561872
1029272,0.28094953
1037246,0.27272353
1024981,0.28437006
1030709,0.33557677
1025461,0.27272353
1031718,0.27512783
1005826,0.28260514
1024990,0.28544155
1035146,0.3107407
1022496,0.35623685
1010378,0.3160737
1014988,0.3394362
1034244,0.34270805
1018690,0.3047375
1020875,0.34310722
1015123,0.34802812
1009754,0.307723
1033605,0.27937132
1042814,0.28529418
1024798,0.27272353
1015414,0.28601503
1019214,0.27632222
1004467,0.37745568
1033988,0.31535554
1030884,0.31190157
1019203,0.3489172
1042460,0.30613202
1047499,0.3169313
1011241,0.35102332
1006583,0.3393088
1016563,0.3784152
1025594,0.33973092
1009871,0.28260514
1047480,0.3831092
1024351,0.29405856
1008381,0.3122092
1013018,0.31740803
1018433,0.31956905
1012092,0.34526393
1039187,0.314874
1030617,0.3670276
1044069,0.3757661
1015121,0.32426235
1042502,0.35813078
1009940,0.27272353
1045878,0.2741514
1002084,0.3108477
1024636,0.27272353
1021455,0.27600688
1001691,0.28542343
1018441,0.27272353
1027416,0.27550897
1027638,0.28644967
1014524,0.28386447
1006784,0.27436304
1007317,0.28128567
1015838,0.2741514
1025552,0.35945138
1004834,0.27436304
1036195,0.37738848
1022121,0.35404655
1028198,0.2741514
1019075,0.27272353
1017372,0.28439766
1045046,0.3779215
1024792,0.28015316
1043749,0.33389834
1033354,0.27272353
1011495,0.2741514
1001077,0.33038592
1040819,0.27704653
1035857,0.29895025
1000333,0.3498338
1029265,0.27272353
1012046,0.29819798
1014156,0.27272353
1034704,0.27713242
1007467,0.28315523
1048053,0.3160051
1043712,0.2741514
1031165,0.2741514
1030396,0.31273255
1024161,0.29826555
1039523,0.28526476
1028375,0.27272353
1041843,0.3157661
1008911,0.28726715
1013384,0.35884637
1032302,0.28536814
1020235,0.27272353
1014163,0.28458115
1024936,0.27272353
1028943,0.3045742
1031439,0.2881017
1010612,0.28480464
1004805,0.27272353
1032753,0.27272353
1026748,0.31340775
1023982,0.2741514
1039730,0.27272353
1006245,0.27272353
1018334,0.28950188
1049080,0.2741514
1004244,0.27272353
1037342,0.27272353
1035229,0.29240683
1015732,0.27272353
1045125,0.33684772
1013325,0.31481874
1034811,0.3556512
1017610,0.2906176
1002070,0.2741514
1025203,0.33937553
1027488,0.27272353
1043210,0.34882098
1023204,0.2741514
1008069,0.27272353
1032747,0.2741514
1049561,0.3271458
1036110,0.35687947
1033141,0.31608784
1015887,0.27713242
1047582,0.29250258
1043545,0.27272353
1023513,0.27272353
1033686,0.34117645
1035528,0.36582834
1023228,0.2741514
1022254,0.28049305
1033804,0.287682
1013564,0.3837526
1022344,0.27272353
1049752,0.29220742
1015408,0.27272353
1046355,0.34015855
1012616,0.2742939
1007993,0.28281516
1020866,0.3110469
1024814,0.2741514
1024619,0.2741514
1027249,0.27272353
1039658,0.28971362
1017148,0.3405727
1000426,0.27272353
1023258,0.3032065
1000097,0.27739033
1003939,0.2803185
1033189,0.27272353
1031489,0.3478196
1037731,0.27272353
1044682,0.27272353
1031111,0.35329366
1018212,0.27272353
1033702,0.36679894
1021718,0.27707785
1034456,0.35615033
1000816,0.32566914
1043588,0.27655134
1035673,0.2741514
1039067,0.27272353
1007533,0.36072496
1024384,0.28726274
1015715,0.3333397
1026704,0.27436304
1026680,0.27694282
1021951,0.27751532
1023602,0.35496336
1043956,0.27713242
1047865,0.27536002
1045766,0.30226204
1041902,0.2742939
1007422,0.32428095
1003471,0.2741514
1019909,0.30697984
1000916,0.2741514
1033495,0.2741514
1002141,0.36818546
1014843,0.33171234
1000438,0.36090016
1024736,0.28609276
1005556,0.27489454
1028954,0.31627142
1034737,0.27272353
1043284,0.2741514
1009045,0.3431862
1015474,0.35832828
1008215,0.28281516
1011776,0.2863338
1033345,0.33949012
1022418,0.28897753
1005601,0.29747888
1018435,0.27489454
1047097,0.275611
1020301,0.2742939
1014135,0.2741514
1004268,0.28185213
1018633,0.36420196
1042866,0.27272353
1025088,0.27272353
1008363,0.27272353
1014485,0.2778458
1030420,0.27272353
1012477,0.29625154
1048137,0.3636154
1007454,0.3527122
1021686,0.3469924
1045400,0.35982436
1034128,0.35714054
1025585,0.34596574
1031297,0.3601906
1000029,0.37596765
1035265,0.35588896
1027456,0.3641269
1026496,0.31108844
1003543,0.27272353
1038808,0.27907926
1030726,0.2883529
1023593,0.2923878
1044244,0.2741514
1047092,0.27272353
1012341,0.27272353
1008237,0.27625117
1017176,0.36008352
1037257,0.33374184
1046311,0.28470227
1030955,0.3694469
1012659,0.2758761
1012428,0.27272353
1036525,0.3248679
1012870,0.32473165
1043054,0.2741514
1022705,0.27272353
1035630,0.2968769
1014174,0.3596546
1038689,0.36126998
1039365,0.3284163
1022104,0.31860244
1027210,0.30955306
1006544,0.32650748
1010663,0.33474505
1048686,0.3772693
1031766,0.36092266
1033573,0.2742939
1037337,0.27272353
1014982,0.2971595
1007693,0.2766193
1000622,0.2758395
1027087,0.28838235
1018543,0.35166985
1048325,0.3668453
1020585,0.30646098
1017189,0.2741514
1025492,0.2742939
1019158,0.27272353
1042398,0.30811465
1046692,0.28497642
1036652,0.283812
1048351,0.2741514
1003909,0.27505678
1011657,0.30140674
1036257,0.33465824
1007006,0.27272353
1035260,0.27724442
1012460,0.3227755
1005251,0.31722292
1023190,0.3233624
1034733,0.3369183
1015379,0.30956483
1004757,0.31710273
1001130,0.33442166
1039400,0.32039332
1024279,0.30695656
1019865,0.27436304
1000432,0.359464
1041515,0.27272353
1036499,0.27436304
1006396,0.36604363
1009541,0.27436304
1000170,0.27825284
1003689,0.28410172
1012140,0.30902958
1033559,0.3178998
1006169,0.27272353
1032090,0.31413108
1032185,0.29075396
1030205,0.30718556
1043265,0.284122
1032261,0.28281516
1012444,0.3093961
1023171,0.2742939
1039659,0.33122253
1023210,0.27272353
1023094,0.31166777
1021699,0.27272353
1013664,0.27272353
1028148,0.2817542
1029333,0.2741514
1026728,0.33530062
1009468,0.35375446
1036735,0.27713242
1026780,0.29125983
1049511,0.30702385
1003817,0.36489385
1045568,0.35187674
1006208,0.2741514
1024878,0.2741514
1045381,0.2741514
1019829,0.29648432
1007047,0.2741514
1049671,0.2741514
1027991,0.2850417
1009501,0.27272353
1014431,0.2741514
1025778,0.2757248
1003852,0.32536778
1040082,0.27534422
1039870,0.30897865
1049442,0.2741514
1002021,0.29818302
1036714,0.27272353
1006150,0.27272353
1031863,0.27512783
1003216,0.28819716
1028778,0.36622453
1042794,0.33631933
1030073,0.28946418
1011652,0.2741514
1000174,0.27272353
1036483,0.27272353
1000113,0.27749562
1002832,0.2741514
1044839,0.30379206
1021676,0.27272353
1037813,0.29419172
1012634,0.2741514
1039374,0.2825317
1022737,0.29519123
1048229,0.2737146
1002133,0.27713242
1006256,0.2741514
1001827,0.32311434
1042087,0.27558976
1023945,0.33156705
1044581,0.2741514
1009665,0.36457077
1034331,0.3648807
1043477,0.35708588
1046377,0.3187396
1023269,0.36448503
1014700,0.34533724
1045396,0.31889096
1019056,0.3367736
1011939,0.35046878
1038912,0.33516398
1002309,0.3125013
1030498,0.33806652
1011375,0.2741514
1008607,0.28249118
1011341,0.30099583
1003232,0.27973136
1011956,0.27583608
1047168,0.27272353
1045513,0.27489454
1032480,0.28281516
1034680,0.29968724
1043433,0.2741514
1011756,0.27272353
1025287,0.2741514
1027222,0.27272353
1024897,0.34672764
1002862,0.2742939
1011743,0.38407475
1004545,0.37607473
1006638,0.27272353
1037289,0.27272353
1029262,0.2742939
1022201,0.28782305
1017772,0.28163177
1011632,0.27272353
1024437,0.34732103
1020288,0.32836252
1002434,0.29499713
1024309,0.27272353
1024569,0.2846393
1006843,0.29280582
1024306,0.33425355
1048512,0.27272353
1021643,0.27272353
1041696,0.29167026
1006383,0.2741514
1027744,0.28680778
1031487,0.28377536
1004246,0.2938017
1041355,0.2742939
1007313,0.2741514
1015620,0.28310937
1045402,0.33281183
1021664,0.27583608
1019096,0.27272353
1011365,0.27272353
1032096,0.28113973
1026905,0.28660017
1026187,0.27272353
1009506,0.281048
1003368,0.2741514
1015548,0.3361342
1008859,0.35548982
1007739,0.3257502
1010537,0.38206172
1030328,0.36469778
1011266,0.31862408
1029856,0.32234603
1030690,0.37097964
1000999,0.35230693
1015062,0.27780932
1046932,0.27272353
1026407,0.277423
1047967,0.27272353
1023661,0.27272353
1018818,0.29644138
1005146,0.2741514
1043082,0.27713242
1002080,0.27272353
1041308,0.27272353
1035643,0.34037918
1049168,0.27272353
1038904,0.28295588
1028836,0.2891275
1019099,0.27272353
1015431,0.3814596
1026550,0.28034073
1018112,0.27272353
1022978,0.27272353
1044072,0.2741514
1006034,0.2952704
1044801,0.28260514
1032954,0.27489194
1044385,0.27713242
1020581,0.2845595
1021977,0.3508119
1027092,0.27489862
1016637,0.27272353
1021128,0.27272353
1049944,0.29179496
1045104,0.28434715
1002507,0.28439766
1037551,0.2742939
1022508,0.27272353
1042042,0.3423474
1041697,0.2827168
1046771,0.27272353
1012023,0.30535638
1026451,0.27272353
1042166,0.27436304
1044704,0.29339507
1035954,0.27272353
1007304,0.27809873
1033930,0.3650526
1011563,0.2741514
1002678,0.2741514
1006562,0.28439766
1038582,0.28439766
1049396,0.280605
1012840,0.27272353
1035890,0.2833476
1045468,0.299069
1026552,0.37595242
1028688,0.28760216
1042582,0.28654486
1016539,0.31057608
1039293,0.27272353
1022800,0.28355214
1013662,0.28778854
1021000,0.2741514
1036511,0.27489862
1000196,0.29150483
1031277,0.36667198
1019067,0.29356745
1029180,0.27272353
1031115,0.2741514
1007398,0.27272353
1036703,0.27272353
1040771,0.27272353
1036497,0.3574047
1041551,0.3539784
1031839,0.2763106
1006923,0.27272353
1035907,0.27272353
1049075,0.35624614
1012542,0.2946375
1020373,0.27272353
1039611,0.2795207
1010289,0.2757243
1025180,0.27630982
1015831,0.28991196
1027358,0.3373189
1025963,0.2757243
1029248,0.2742939
1034072,0.35761374
1039633,0.28821513
1018859,0.34518924
1015870,0.28678337
1011709,0.29149994
1043680,0.27770048
1024997,0.2841868
1041357,0.30592632
1029332,0.28375196
1041013,0.27272353
1031183,0.2766962
1017275,0.2741514
1002194,0.27713242
1044582,0.27272353
1004137,0.27489194
1024073,0.35354587
1016888,0.32696167
1005020,0.2841868
1044487,0.28260514
1036076,0.27272353
1016175,0.27566648
1015341,0.35459056
1023682,0.27272353
1000470,0.32369635
1006534,0.35085186
1039848,0.3245631
1016261,0.28761736
1024292,0.29256645
1028195,0.32122764
1041885,0.33535483
1038157,0.2741514
1021888,0.27272353
1040814,0.27713242
1039204,0.27272353
1023348,0.29875484
1011187,0.28923133
1046140,0.2944769
1027229,0.28439766
1008393,0.35601455
1025113,0.2741514
1009154,0.27272353
1049720,0.27272353
1002780,0.2741514
1045526,0.27272353
1044075,0.27272353
1043621,0.27801508
1048251,0.34424487
1025603,0.27272353
1014476,0.2741514
1012882,0.27272353
1028722,0.27386355
1021629,0.34951612
1003833,0.2742939
1032699,0.29937452
1033975,0.2784997
1048729,0.3077913
1047910,0.2922473
1006023,0.31782582
1039640,0.27272353
1024212,0.2742939
1035314,0.36448333
1006914,0.2741514
1001524,0.2741514
1034989,0.28489536
1039142,0.28439766
1033231,0.3314156
1001727,0.34635547
1013899,0.31276712
1024409,0.36667392
1003574,0.34170482
1032208,0.31443086
1022179,0.3447177
1030502,0.35245138
1018411,0.33807927
1012027,0.27272353
1012914,0.3365472
1049908,0.27272353
1014420,0.27272353
1032125,0.2741514
1003564,0.27272353
1034871,0.3314855
1031051,0.27272353
1035926,0.28327185
1040992,0.28903475
1017944,0.28777915
1028724,0.2741514
1048891,0.2741514
1044713,0.35554972
1003637,0.29314604
1023131,0.27713242
1021142,0.28488478
1028347,0.34560555
1030487,0.29258138
1017384,0.28281516
1001756,0.35940045
1005170,0.27272353
1033861,0.3455495
1034193,0.2942273
1039059,0.27272353
1036791,0.2742939
1040461,0.35645562
1021036,0.27272353
1030634,0.27672425
1024186,0.3522172
1036586,0.27272353
1004455,0.27272353
1004969,0.27272353
1008307,0.27456766
1001535,0.30321065
1019234,0.30198747
1019528,0.27272353
1027773,0.29255384
1021065,0.37040037
1026267,0.27272353
1009377,0.2741514
1017523,0.2889967
1023764,0.27272353
1020758,0.35375553
1022774,0.27272353
1034800,0.29424796
1012099,0.32146868
1021044,0.3527802
1035948,0.35350734
1007125,0.30754265
1029921,0.34293658
1011101,0.33871076
1019409,0.3716209
1020806,0.3495379
1020634,0.30408818
1018319,0.37268338
1018058,0.28026837
1034376,0.29449135
1042617,0.2741514
1031194,0.27272353
1048342,0.3674845
1020694,0.28267547
1040371,0.3710491
1009625,0.28429607
1037171,0.29908615
1028887,0.27272353
1042375,0.27272353
1020476,0.2741514
1005293,0.2741514
1020797,0.32265127
1001582,0.283708
1012085,0.2742939
1036674,0.3606344
1041963,0.27436304
1041631,0.27272353
1021575,0.27272353
1049270,0.27508014
1034240,0.2944235
1023250,0.3193481
1040938,0.27272353
1037586,0.27272353
1037589,0.27272353
1001971,0.27662235
1014129,0.27272353
1047586,0.2741514
1015567,0.29370704
1040004,0.27272353
1014145,0.27714378
1018585,0.27272353
1014616,0.27272353
1004297,0.27436304
1029290,0.36504194
1000875,0.27386355
1049444,0.27272353
1020785,0.2944685
1029257,0.27582362
1013398,0.29731828
1032599,0.3413237
1037971,0.37515596
1044117,0.374393
1033783,0.27436304
1025019,0.33417434
1030825,0.28376523
1016395,0.27272353
1030365,0.28618988
1040005,0.2779069
1019100,0.29403478
1026485,0.29028392
1026020,0.27272353
1033103,0.3779504
1041344,0.27386355
1047258,0.3635272
1001994,0.31529167
1039331,0.31680363
1004640,0.3725052
1009495,0.32897994
1036740,0.30606556
1036242,0.35029143
1041141,0.32305545
1035296,0.32280797
1034308,0.33789334
1001779,0.28016445
1043970,0.2741514
1024417,0.27272353
1002813,0.27272353
1008862,0.31849557
1003290,0.35070905
1046333,0.33394134
1032615,0.31479615
1045219,0.3068372
1037810,0.34125432
1041878,0.30470836
1022803,0.3423825
1044764,0.36308688
1036046,0.27272353
1021284,0.27272353
1006125,0.27713242
1000920,0.35904312
1009743,0.28458115
1040197,0.27272353
1001564,0.29712027
1036363,0.2741514
1022577,0.35584718
1019786,0.30753163
1022460,0.27713242
1037695,0.28518787
1015072,0.2769001
1043158,0.284259
1011799,0.319146
1024514,0.3134012
1029003,0.31079623
1044951,0.30495635
1006830,0.31226867
1004789,0.30647522
1022850,0.34957308
1004661,0.35493797
1000015,0.36740494
1015177,0.2741514
1005998,0.2742939
1029934,0.355514
1026814,0.33370742
1042254,0.2741514
1019035,0.30886158
1008980,0.2785415
1021347,0.27713242
1043505,0.29214993
1021708,0.27713242
1042284,0.27272353
1020567,0.27436304
1023135,0.35871798
1036327,0.3282208
1014382,0.353364
1040780,0.35924214
1012728,0.3089053
1002555,0.31152686
1032773,0.3339085
1031804,0.35982484
1014468,0.34305733
1012283,0.27272353
1036432,0.35569653
1032015,0.28260514
1047063,0.2751267
1004625,0.27272353
1032145,0.27770048
1040299,0.27497703
1006210,0.28633833
1013069,0.2741514
1016029,0.27272353
1044263,0.27272353
1001924,0.3690706
1046488,0.27272353
1039592,0.2843043
1043369,0.27272353
1030371,0.28703043
1030739,0.31642437
1028187,0.27272353
1022432,0.27713242
1007338,0.27272353
1048414,0.3737751
1030241,0.2764361
1004784,0.36876363
1049167,0.2741514
1025956,0.2875931
1001921,0.2742939
1043346,0.27272353
1015411,0.2784042
1031671,0.34512436
1040733,0.27272353
1002020,0.3596328
1012329,0.28364426
1046256,0.28365362
1002992,0.2742939
1013988,0.34165466
1027280,0.2742939
1046651,0.28787395
1026781,0.34562087
1036911,0.34210277
1018761,0.3156334
1006756,0.2741514
1036211,0.27713242
1035317,0.32991168
1005439,0.27502775
1049247,0.2741514
1019139,0.36596784
1010150,0.28626573
1012590,0.35089493
1028859,0.2742939
1012248,0.2933651
1017802,0.35759515
1040046,0.3421756
1031393,0.31391162
1034262,0.35330987
1005563,0.2978788
1023447,0.35259572
1043356,0.27272353
1041332,0.27272353
1048791,0.28524038
1043587,0.3467783
1016955,0.3001366
1045810,0.27489454
1023547,0.27713242
1019098,0.2741514
1034787,0.28719744
1005665,0.35797125
1030911,0.27272353
1027215,0.27498657
1040164,0.35184854
1036872,0.29359314
1007119,0.31411734
1026218,0.27272353
1008220,0.28365415
1043540,0.2880989
1002438,0.2741514
1022275,0.27564353
1017419,0.27272353
1034322,0.2870261
1022301,0.2741514
1015745,0.2905097
1009390,0.27272353
1042553,0.27272353
1046995,0.287411
1025511,0.27272353
1011169,0.2773091
1026458,0.2938734
1017811,0.2741514
1024419,0.27272353
1030821,0.2742939
1033992,0.27713242
1014477,0.2951148
1037951,0.28386447
1031181,0.36944386
1018933,0.28565288
1042213,0.35157263
1014710,0.3307183
1015099,0.35591325
1000292,0.28910667
1039258,0.29300874
1019390,0.28348655
1049875,0.2758395
1032531,0.30928195
1027772,0.27436304
1033688,0.27272353
1021331,0.35906848
1049790,0.2970143
1031905,0.27573863
1047993,0.34011096
1014657,0.28074962
1008738,0.2742939
1008019,0.30803743
1023470,0.2741514
1010492,0.28485057
1019830,0.28515628
1037704,0.2741514
1041494,0.37176433
1013697,0.28766555
1027674,0.27272353
1025039,0.30716762
1014242,0.2741514
1013500,0.27272353
1041558,0.32819024
1016459,0.27272353
1047466,0.30941167
1042041,0.28451842
1004733,0.27436304
1002076,0.27555743
1040535,0.27436304
1027282,0.37227648
1017853,0.29552528
1045126,0.32595453
1025834,0.31144398
1008867,0.27272353
1048245,0.27272353
1042525,0.3546731
1043351,0.36192694
1011883,0.2741514
1035718,0.2741514
1020200,0.29748842
1011259,0.2741514
1011489,0.2977682
1025943,0.34082666
1015418,0.29233837
1001559,0.27272353
1014426,0.31360975
1026469,0.31966966
1046276,0.28681403
1015916,0.27272353
1005618,0.28641084
1042724,0.2886096
1030300,0.31347513
1044999,0.27272353
1002491,0.34247944
1022364,0.27681834
1001261,0.36710694
1034533,0.2741514
1021506,0.31344524
1029001,0.2741514
1005772,0.27272353
1046940,0.27272353
1019027,0.27272353
1028061,0.319122
1002428,0.2816754
1037703,0.2776186
1019600,0.2741514
1018695,0.2949912
1049175,0.27501392
1043410,0.27272353
1031845,0.2741514
1000048,0.27272353
1035345,0.2831157
1042576,0.2741514
1024642,0.33800977
1006435,0.2741514
1036588,0.37115163
1033579,0.27272353
1023516,0.34336558
1017236,0.34014672
1015039,0.32628316
1024293,0.2741514
1033894,0.27272353
1043348,0.28207126
1042962,0.2741514
1031168,0.27272353
1028423,0.2761096
1002162,0.2741514
1005100,0.36933228
1046576,0.29053167
1007583,0.2741514
1044739,0.29968953
1019064,0.28618798
1038187,0.2741514
1000128,0.27272353
1019706,0.2758395
1036464,0.2742939
1034507,0.27821583
1009466,0.2741514
1013827,0.27272353
1012297,0.2741514
1011197,0.27562618
1049569,0.2741514
1048572,0.29067594
1042436,0.2854579
1034093,0.27272353
1042801,0.2741514
1025846,0.2790877
1002837,0.28439766
1046069,0.2741514
1027133,0.27272353
1021037,0.36140868
1034280,0.33296955
1023990,0.34478623
1043464,0.30734
1046164,0.35987952
1007486,0.31800637
1014455,0.3540143
1008779,0.33096346
1038793,0.3311037
1041820,0.35311127
1003078,0.2826504
1017393,0.27484488
1033390,0.2741514
1014636,0.27489194
1017344,0.31263113
1005799,0.27386355
1007549,0.27272353
1033744,0.29560968
1024943,0.2852917
1044449,0.30742458
1002104,0.32139534
1010360,0.3577904
1036985,0.35163784
1002440,0.31933683
1010744,0.32745788
1000186,0.3606061
1010034,0.30621475
1045597,0.3052904
1016919,0.34601656
1005779,0.27272353
1030399,0.27272353
1030943,0.27272353
1036034,0.2741514
1008833,0.35410428
1023660,0.30691922
1023337,0.34763685
1043490,0.32970923
1025791,0.2741514
1030033,0.2947326
1040458,0.27272353
1023553,0.30083594
1028480,0.30678988
1035195,0.31504726
1002370,0.32421046
1042745,0.38032708
1022939,0.30984443
1007388,0.32967132
1014299,0.35316852
1049635,0.34264717
1040607,0.33962458
1000501,0.35943544
1013159,0.31085953
1044448,0.27272353
1008170,0.2871991
1003956,0.3155873
1017059,0.27272353
1003769,0.27272353
1031501,0.29581198
1009992,0.2757937
1018556,0.2742939
1026432,0.2741514
1016656,0.27272353
1014381,0.3618613
1046735,0.3805824
1024728,0.27272353
1025508,0.27272353
1022511,0.3796945
1011916,0.27272353
1021509,0.2742939
1041128,0.27491647
1002978,0.357719
1035143,0.36477685
1048809,0.33749697
1036149,0.2741514
1015661,0.2741514
1027115,0.27272353
1047960,0.27272353
1002273,0.2785415
1018567,0.36921388
1028224,0.27272353
1003496,0.27680412
1031185,0.30830136
1006789,0.27272353
1010550,0.3097908
1045571,0.27272353
1019103,0.3373718
1005941,0.2932815
1031556,0.2742939
1033928,0.3099391
1033701,0.29717356
1045580,0.3687438
1013684,0.36139372
1017078,0.33045715
1004238,0.27272353
1015433,0.27272353
1019107,0.27713242
1036137,0.32557195
1028430,0.2890269
1027507,0.28388008
1009977,0.27272353
1024375,0.31784645
1030937,0.27272353
1009849,0.27272353
1035897,0.36567783
1023459,0.34891158
1014049,0.35711846
1015261,0.37824196
1010166,0.27272353
1038122,0.28833774
1037261,0.27495974
1026870,0.2904785
1019041,0.2741514
1046586,0.27272353
1029014,0.2741514
1037610,0.27272353
1023272,0.27272353
1028309,0.2742939
1046195,0.2741514
1006419,0.27436304
1041755,0.27272353
1031306,0.27272353
1022986,0.31993788
1043055,0.27502775
1002927,0.2741514
1036253,0.28496712
1028931,0.27713242
1021660,0.2878346
1015407,0.3614744
1011987,0.29850355
1013631,0.27272353
1035805,0.27272353
1004167,0.3725393
1020005,0.27739638
1013176,0.28281516
1012193,0.27436304
1011055,0.30499443
1028935,0.2741514
1025644,0.36043897
1006853,0.27878866
1032416,0.2741514
1029286,0.3098771
1007169,0.2741514
1012387,0.3614164
1012619,0.28343084
1018636,0.3041441
1045678,0.36712196
1033137,0.27272353
1031116,0.27272353
1001313,0.2741514
1008558,0.2741514
1036657,0.27272353
1002614,0.35013923
1019672,0.27272353
1036030,0.2741514
1034180,0.27436304
1001280,0.27272353
1037899,0.27555743
1026784,0.29720458
1004257,0.31915793
1035916,0.2923368
1012508,0.28248623
1043226,0.27272353
1046242,0.28281516
1002954,0.27897224
1028083,0.27272353
1020448,0.28663424
1014410,0.29636645
1002807,0.35784352
1049470,0.27272353
1015437,0.2741514
1015370,0.2741514
1047590,0.29023325
1001175,0.27822572
1045840,0.27272353
1018388,0.28768578
1014889,0.27564353
1004797,0.27272353
1022710,0.3408722
1005063,0.3198557
1024171,0.31711668
1045873,0.27272353
1028121,0.27272353
1034358,0.36843127
1014625,0.27272353
1002674,0.27480063
1037697,0.27893287
1045310,0.33893886
1021970,0.28192157
1022786,0.27770048
1049252,0.2845634
1041672,0.2742939
1027066,0.28439766
1002160,0.2826305
1022514,0.27272353
1000094,0.27746788
1032436,0.27713242
1008987,0.27272353
1013417,0.37067947
1045874,0.33898112
1025259,0.2741514
1027871,0.28461495
1010776,0.27489454
1031018,0.2741514
1038583,0.27770048
1017412,0.27534422
1009290,0.2750526
1018194,0.27272353
1048080,0.27272353
1049595,0.27501392
1042667,0.2741514
1025950,0.27713242
1015181,0.27272353
1014967,0.27272353
1018028,0.2741514
1025110,0.29295412
1024991,0.27272353
1003034,0.27272353
1005218,0.28290573
1020250,0.2742939
1042438,0.3456686
1048865,0.30144706
1026419,0.3323752
1040010,0.27272353
1032169,0.28467298
1016415,0.27511945
1033191,0.2742939
1002306,0.3092011
1024376,0.27272353
1043708,0.27436304
1040776,0.27687326
1043742,0.27551517
1040667,0.27272353
1034242,0.2741514
1027731,0.27272353
1035990,0.2790925
1031529,0.3122457
1020135,0.31191
1024019,0.35529095
1045902,0.28761736
1040791,0.27272353
1034913,0.3691545
1021463,0.27272353
1028196,0.28281516
1045089,0.36678517
1019387,0.35878944
1037209,0.2763475
1008925,0.28461188
1015755,0.2741514
1023543,0.2741514
1048211,0.2741514
1009910,0.2994293
1002566,0.27272353
1008636,0.2741514
1008660,0.29699963
1046620,0.27501392
1041064,0.27272353
1007797,0.2895111
1042826,0.27272353
1009831,0.29676563
1017466,0.29588157
1006041,0.27436304
1001537,0.27489194
1048576,0.31773642
1024964,0.2923667
1042347,0.29910085
1019251,0.3469879
1047180,0.27459517
1001459,0.27823058
1038818,0.27272353
1017491,0.36858013
1039344,0.32707292
1044628,0.33717307
1042766,0.30574885
1007187,0.3524235
1009449,0.36082646
1016390,0.30772907
1023992,0.3352179
1037317,0.3049706
1029978,0.27272353
1048515,0.27590418
1008584,0.31149754
1029525,0.28292125
1013284,0.2741514
1030662,0.2742939
1002118,0.28894418
1045194,0.2834727
1035732,0.2910121
1010460,0.33202225
1029608,0.2741514
1034467,0.3688594
1042612,0.36075518
1008489,0.34622145
1046707,0.34421763
1030814,0.37291974
1049911,0.33676443
1014773,0.34598055
1004354,0.31041297
1042742,0.32394776
1038306,0.34098288
1039329,0.27272353
1045829,0.29155442
1019279,0.27272353
1036668,0.27713242
1014853,0.2841868
1026570,0.29851514
1033524,0.37989444
1047717,0.27272353
1027633,0.27778164
1044758,0.2863404
1007540,0.2887267
1024967,0.35215667
1010726,0.34881535
1036955,0.27272353
1045964,0.2741514
1011486,0.27713242
1032536,0.28439766
1013759,0.32922179
1013608,0.36491162
1025820,0.37155715
1044981,0.30980626
1007574,0.31496793
1041256,0.36591572
1033760,0.3675889
1019398,0.3427349
1018803,0.30655172
1010131,0.36123228
1025058,0.36461243
1016510,0.27272353
1038578,0.27436304
1012675,0.27272353
1024730,0.27272353
1007623,0.27809873
1002277,0.35714087
1034916,0.27272353
1043004,0.2741514
1017145,0.2849273
1033851,0.27272353
1027235,0.27436304
1029489,0.2741514
1003423,0.29326144
1008194,0.27272353
1017410,0.2741514
1004259,0.30817115
1042491,0.3061967
1000902,0.33570352
1041671,0.34398302
1049892,0.36422944
1048946,0.31146505
1031413,0.31992728
1038971,0.31777215
1039634,0.3358406
1019790,0.316845
1021579,0.33834684
1025848,0.2741514
1017097,0.27272353
1021704,0.29409847
1040391,0.2742939
1034620,0.33378908
1020063,0.27272353
1044297,0.2741514
1010013,0.27484488
1005718,0.30379248
1029801,0.27272353
1019359,0.27272353
1004279,0.2742939
1047986,0.27272353
1032397,0.2831157
1025093,0.27272353
1028655,0.3609832
1036495,0.32280785
1018030,0.37038797
1020854,0.35038048
1003160,0.333023
1024934,0.32351738
1048204,0.3223276
1030153,0.3273447
1037947,0.33321851
1008756,0.32644433
1038396,0.27489454
1003347,0.30011472
1002265,0.27436304
1035321,0.334284
1014019,0.28715375
1026663,0.27770048
1042207,0.27713242
1042379,0.27272353
1012242,0.27272353
1039274,0.2755135
1014093,0.27272353
1017066,0.2741514
1045006,0.28439766
1014313,0.2741514
1036817,0.28361183
1039146,0.29777354
1023638,0.33725724
1031975,0.2770295
1013594,0.34697926
1005655,0.33203667
1017479,0.3290123
1004571,0.36785138
1015640,0.3440512
1020512,0.31786498
1022412,0.35601598
1046437,0.3264276
1008540,0.32008997
1045807,0.28740022
1041911,0.3517658
1049393,0.34618732
1038267,0.28371912
1042315,0.27272353
1037944,0.27655703
1022743,0.27272353
1045762,0.2741514
1042912,0.2824052
1026019,0.29046112
1015960,0.2741514
1025181,0.29217732
1000567,0.27272353
1029976,0.27632704
1000354,0.27272353
1008949,0.32080132
1005429,0.33718893
1032912,0.34791905
1022763,0.34830254
1039707,0.3594065
1017614,0.3328679
1001686,0.35100427
1021156,0.375725
1038285,0.30484012
1044601,0.31028283
1044938,0.27632222
1014665,0.3327561
1035446,0.37632555
1020486,0.27272353
1046136,0.27632704
1047203,0.27272353
1018970,0.2977909
1017371,0.27436304
1000099,0.37834793
1027462,0.3447656
1004361,0.28629136
1028285,0.27272353
1030673,0.27713242
1023724,0.27436304
1042569,0.32653442
1014053,0.32074672
1035513,0.34225845
1025613,0.34698954
1021802,0.34181827
1029893,0.34856957
1039964,0.35065094
1027531,0.31348047
1021448,0.31341404
1032727,0.27272353
1044023,0.2742939
1026533,0.27436304
1024902,0.37228146
1022106,0.2841184
1034302,0.28537446
1038442,0.2741514
1039602,0.28446728
1034427,0.33687466
1019452,0.2779901
1016967,0.2742939
1022244,0.2741514
1047778,0.2881779
1003009,0.2866799
1042013,0.27489194
1002186,0.27272353
1028807,0.37040228
1043894,0.2742939
1015235,0.37453407
1032446,0.32039565
1015403,0.3076829
1031643,0.31733143
1021927,0.32405582
1049647,0.3493299
1041952,0.34620628
1007158,0.35523146
1021521,0.32519478
1012467,0.30002356
1026586,0.27272353
1040721,0.2741514
1042524,0.27272353
1013386,0.27386355
1003738,0.33411402
1035586,0.2741514
1007656,0.27436304
1034211,0.27272353
1025749,0.2741514
1049946,0.29766554
1000792,0.27667347
1026420,0.27272353
1043601,0.27272353
1042140,0.27272353
1049795,0.27272353
1006324,0.27272353
1003735,0.33781067
1025539,0.27878866
1003414,0.27792525
1012928,0.2742939
1039446,0.27272353
1028510,0.3008453
1019226,0.2979806
1016694,0.2941424
1014563,0.27272353
1045795,0.2741514
1027678,0.27523938
1033820,0.28440362
1020899,0.27501392
1014178,0.31271988
1023123,0.33746845
1028556,0.27272353
1031505,0.2742939
1014999,0.2741514
1030462,0.30701953
1019534,0.2741514
1035264,0.36311764
1009661,0.29478937
1004773,0.27272353
1013578,0.2741514
1010495,0.283708
1013561,0.2831609
1049957,0.3387951
1009406,0.27272353
1014640,0.28177574
1030641,0.3772786
1022323,0.27272353
1049816,0.28681135
1023753,0.27272353
1037200,0.28303418
1009416,0.3561413
1002102,0.27436304
1010112,0.2882275
1005271,0.27583608
1007127,0.36528558
1007998,0.3195671
1043590,0.34742254
1033943,0.27272353
1022073,0.27272353
1034559,0.27583608
1030741,0.28551105
1025632,0.27272353
1042772,0.36170113
1011516,0.28430188
1011357,0.27272353
1034226,0.3159501
1039903,0.36606517
1021188,0.27386355
1046099,0.2742939
1003116,0.27272353
1004485,0.27272353
1012834,0.2741514
1017847,0.28382215
1019669,0.27272353
1044640,0.2741514
1038386,0.28654727
1044430,0.28442812
1013150,0.2758192
1020722,0.36266944
1038576,0.27713242
1049100,0.28041568
1021828,0.3139266
1037060,0.27436304
1042468,0.27272353
1036022,0.27272353
1045008,0.27272353
1025932,0.29717493
1045719,0.27272353
1035192,0.27272353
1035535,0.34284675
1028551,0.27272353
1016872,0.34582308
1038177,0.27272353
1010130,0.28990638
1045113,0.3718892
1037142,0.28801718
1034247,0.27272353
1014789,0.27272353
1000110,0.32288623
1040188,0.27704057
1039619,0.27272353
1009148,0.27272353
1016321,0.28453845
1033267,0.27512783
1031865,0.27272353
1004300,0.2900899
1037741,0.27272353
1019516,0.27436304
1018096,0.27272353
1041460,0.295009
1002218,0.27272353
1047824,0.30091485
1031386,0.27272353
1025705,0.28177574
1042218,0.28624305
1014132,0.27713242
1043507,0.2742939
1000376,0.27752203
1032084,0.27272353
1030557,0.29701567
1016585,0.28675345
1012238,0.3421144
1044502,0.3397205
1032691,0.36946777
1028513,0.27628
1000727,0.29818526
1028408,0.27943045
1010840,0.37698132
1030238,0.27272353
1030369,0.27878866
1015814,0.27272353
1018074,0.2751886
1046432,0.27272353
1020820,0.28426117
1022058,0.27523938
1028300,0.27272353
1016956,0.27272353
1003305,0.27272353
1046937,0.27272353
1023409,0.27272353
1044718,0.27272353
1031604,0.28909454
1042018,0.27557993
1000699,0.27497703
1002512,0.2741514
1010243,0.34890932
1010307,0.32830718
1017547,0.27436304
1033568,0.28659073
1028346,0.27272353
1022126,0.2763794
1024370,0.29269367
1047013,0.35450235
1004929,0.27495974
1027013,0.2741514
1028218,0.2789278
1047928,0.28620186
1000159,0.312932
1004780,0.35962743
1041205,0.2845951
1007876,0.2850371
1028961,0.27713242
1027615,0.27272353
1016713,0.35494643
1032545,0.27272353
1000243,0.30397967
1031155,0.28886825
1041785,0.3080302
1018726,0.2841521
1010801,0.2741514
1036263,0.2741514
1015761,0.27272353
1041976,0.28332263
1006442,0.32695183
1031593,0.27272353
1023734,0.2874066
1025236,0.2794179
1036908,0.36702824
1045788,0.27272353
1026952,0.28261453
1009614,0.28296322
1048807,0.2884751
1042388,0.3065017
1048289,0.2741514
1004131,0.27272353
1025398,0.3732895
1001540,0.35829496
1043109,0.29944095
1035051,0.28260514
1046560,0.27713242
1010593,0.27272353
1042261,0.27272353
1035544,0.27713242
1014272,0.2741514
1036423,0.27436304
1009401,0.27272353
1032617,0.27713242
1024275,0.36454493
1012078,0.28281516
1038661,0.27489454
1038762,0.27272353
1042568,0.27378255
1037524,0.3788206
1036029,0.31884775
1005466,0.35663545
1029105,0.35313216
1029203,0.3199851
1014094,0.33418483
1041026,0.32939363
1041513,0.35368758
1008118,0.35037285
1004638,0.3584717
1005477,0.3377209
1039755,0.30382702
1008730,0.3728028
1002062,0.3490801
1007856,0.3270619
1018368,0.32292676
1042032,0.36187238
1049029,0.31706867
1029877,0.27272353
1000267,0.27666163
1007181,0.28375307
1008017,0.29012942
1010545,0.29607308
1038172,0.34188208
1001570,0.27272353
1048300,0.30008763
1044328,0.37843186
1032591,0.2943351
1022132,0.27272353
1009244,0.2741514
1026110,0.27272353
1010835,0.36121422
1014508,0.27627748
1013121,0.27272353
1004699,0.28678378
1018757,0.2742939
1040756,0.34026176
1038241,0.28786325
1042428,0.338849
1017866,0.27614123
1003617,0.27795774
1023248,0.2836482
1049806,0.35463515
1007700,0.27272353
1044647,0.28522295
1046252,0.33527046
1019980,0.27713242
1048172,0.2757411
1042671,0.2741514
1035060,0.28549886
1009680,0.34531477
1046848,0.3789415
1039995,0.27272353
1019248,0.27818578
1016370,0.37928057
1004473,0.27791137
1033654,0.30544406
1007879,0.3213055
1015024,0.36746758
1033857,0.37040907
1016968,0.3109889
1016794,0.36649114
1049209,0.35111183
1027769,0.35142052
1047082,0.35213774
1001526,0.2741514
1045747,0.28714883
1018304,0.27272353
1024318,0.27272353
1041729,0.356316
1024333,0.3585667
1012810,0.27272353
1030521,0.3217815
1033153,0.35239595
1013622,0.277681
1044174,0.29958266
1041814,0.34768385
1042709,0.288001
1011968,0.3410827
1028886,0.2741514
1023475,0.37407607
1024297,0.27555743
1048088,0.2741514
1034531,0.32880613
1022899,0.3660688
1039216,0.35519418
1012710,0.3144207
1047791,0.3367434
1003751,0.30662084
1028946,0.34735546
1013024,0.38393745
1037292,0.31708485
1012420,0.28203067
1011660,0.2741514
1023231,0.27504104
1000827,0.27664787
1034696,0.36009902
1018106,0.28281516
1002371,0.2741514
1016822,0.2950971
1025410,0.27272353
1049804,0.27272353
1039032,0.30189562
1012531,0.2988227
1010932,0.27436304
1043235,0.27495974
1033375,0.34396532
1041076,0.3363407
1030037,0.32105356
1011307,0.30552512
1000773,0.3219418
1005435,0.33922836
1043347,0.37043953
1038777,0.36244
1044239,0.36096805
1002275,0.34307492
1019868,0.28281516
1017294,0.27272353
1029674,0.2741514
1009637,0.27272353
1027778,0.3478293
1021288,0.2741514
1030845,0.2741514
1015667,0.2769949
1022145,0.2741514
1028860,0.27272353
1007843,0.32993156
1017291,0.27272353
1037600,0.30897704
1019502,0.35462984
1035308,0.31800914
1014413,0.3459338
1000604,0.35615176
1013966,0.32330933
1001085,0.33763078
1003339,0.31126624
1021644,0.30765006
1017599,0.29224658
1024580,0.27272353
1042285,0.29276377
1018224,0.2990842
1027745,0.2741514
1031005,0.2741514
1005745,0.2741514
1043844,0.36757827
1015637,0.27713242
1022537,0.33086216
1018949,0.31153268
1049144,0.3512947
1035220,0.37935245
1021905,0.3275023
1020353,0.3196483
1017330,0.37123078
1017747,0.32522672
1039559,0.35767472
1022979,0.37344736
1014522,0.27436304
1040460,0.30329987
1024193,0.27611685
1013053,0.36300176
1010493,0.28621763
1026626,0.27272353
1049979,0.27272353
1021981,0.27272353
1002717,0.2741514
1013438,0.2753932
1024345,0.27272353
1019825,0.3560397
1041284,0.3430763
1008302,0.3535391
1047293,0.3058752
1020945,0.30644426
1046982,0.37939394
1026934,0.31086898
1049472,0.33170503
1044883,0.34412274
1012232,0.27272353
1010531,0.27272353
1045802,0.3516911
1004539,0.2742939
1048646,0.2758479
1035760,0.28562784
1048109,0.27760726
1015880,0.29567188
1015005,0.27272353
1031954,0.27272353
1034550,0.31225023
1038754,0.27272353
1002505,0.3400445
1022307,0.3080855
1010048,0.35856003
1003640,0.3707673
1007342,0.33885434
1013536,0.31722635
1028871,0.31774497
1027548,0.31148356
1014852,0.32210985
1037358,0.27436304
1049123,0.27941018
1014674,0.34137625
1011552,0.2741514
1007104,0.27272353
1003425,0.27272353
1001783,0.2742939
1045584,0.27811176
1000755,0.27272353
1019104,0.33150735
1001499,0.35822535
1002724,0.30972365
1040757,0.3579958
1032358,0.32367322
1002541,0.34551078
1040014,0.35918623
1032505,0.36320314
1034241,0.35039124
1015320,0.2741514
1014251,0.29890972
1020056,0.2742939
1028980,0.28803915
1040043,0.27272353
1045485,0.29928476
1033171,0.31522888
1005311,0.36230135
1018681,0.27272353
1024503,0.3116406
1039906,0.3523592
1001420,0.35598025
1042649,0.3378379
1022957,0.3367093
1024117,0.30785054
1006474,0.35991898
1047763,0.3732903
1001432,0.3236746
1045658,0.2741514
1023819,0.2775879
1011255,0.2741514
1001837,0.37455454
1007323,0.27272353
1012075,0.2742939
1030848,0.27272353
1032681,0.27272353
1032990,0.3783328
1041270,0.2741514
1023561,0.27589464
1011496,0.2810467
1031376,0.34576085
1047192,0.27272353
1037187,0.28326377
1016677,0.28553358
1043007,0.29720777
1011010,0.2741514
1045721,0.2741514
1008548,0.27489194
1017306,0.27272353
1029827,0.3342338
1000956,0.28537264
1037930,0.2758844
1015279,0.3697489
1020193,0.3093946
1044037,0.2741514
1030204,0.28375086
1017564,0.27272353
1026726,0.304205
1007359,0.28316417
1014763,0.2741514
1045843,0.27272353
1028342,0.2742939
1002871,0.27272353
1046267,0.27272353
1010896,0.2741514
1015746,0.34554452
1023557,0.27456766
1003977,0.2873774
1019888,0.27272353
1041330,0.31263864
1003500,0.3367318
1039104,0.2741514
1021875,0.27272353
1038445,0.28429136
1042171,0.27272353
1037057,0.27272353
1007192,0.280729
1049096,0.27901167
1015318,0.27713242
1007148,0.28330413
1004024,0.27272353
1011208,0.30044192
1011335,0.29359588
1012774,0.2807048
1019647,0.27272353
1039460,0.33712932
1020576,0.2742939
1036711,0.33449942
1046239,0.27272353
1002053,0.2916028
1045520,0.27272353
1016051,0.337609
1016092,0.27512783
1018829,0.36222783
1020294,0.29485893
1012911,0.2854425
1037517,0.27272353
1008993,0.2751886
1047349,0.3751074
1014617,0.2741514
1009327,0.28397042
1041352,0.33993185
1009887,0.2742939
1041255,0.27272353
1033591,0.27272353
1004380,0.27272353
1007378,0.29423556
1024843,0.2741514
1019828,0.3273393
1003185,0.35716042
1004547,0.35101634
1011645,0.27272353
1039824,0.27773747
1035521,0.28168148
1012588,0.27566648
1017859,0.27436304
1007064,0.2972098
1010019,0.3153629
1046019,0.28122336
1030426,0.27272353
1040612,0.2779069
1044976,0.3302988
1010815,0.28500682
1048428,0.27272353
1022857,0.27272353
1032665,0.27939993
1021791,0.2838624
1014318,0.2761089
1037297,0.28906482
1016156,0.27272353
1027734,0.29323763
1013717,0.2742939
1007603,0.34468132
1043863,0.2741514
1016976,0.2830544
1043474,0.27272353
1038359,0.29037955
1028525,0.27272353
1028159,0.34378383
1001853,0.332139
1048704,0.27272353
1004469,0.2742939
1038273,0.27272353
1017844,0.27272353
1012181,0.27272353
1000737,0.27497703
1002195,0.28450185
1021597,0.2758479
1018746,0.34132266
1013164,0.2888556
1043860,0.31262487
1001409,0.2946314
1044821,0.3075827
1033597,0.2741514
1009126,0.28639752
1005704,0.2741514
1038424,0.34391937
1034980,0.29478872
1007775,0.35568157
1038518,0.2741514
1027293,0.27565938
1007682,0.29108977
1015582,0.29755723
1043255,0.28439766
1002793,0.28367132
1000028,0.30517575
1014390,0.2845449
1041804,0.30851066
1028904,0.27516407
1000039,0.27272353
1037649,0.2741514
1046939,0.2741514
1016256,0.28211755
1022854,0.27272353
1025488,0.27272353
1047568,0.27272353
1031105,0.27272353
1024839,0.27272353
1033184,0.2742939
1016227,0.28299466
1028843,0.27555743
1025406,0.31162453
1012134,0.2834853
1047358,0.27272353
1035553,0.29253674
1028204,0.27800927
1013658,0.38193005
1029722,0.2958567
1047467,0.27272353
1047619,0.2846919
1041614,0.27713242
1022929,0.27272353
1027755,0.27272353
1013720,0.33484823
1015440,0.27272353
1043149,0.30766648
1036982,0.2764361
1010857,0.27672425
1019691,0.2742939
1017140,0.297155
1028108,0.27491647
1008231,0.27436304
1029507,0.27491647
1043429,0.27272353
1029581,0.31407422
1047604,0.2758479
1043288,0.37092668
1001204,0.27272353
1032322,0.2841868
1013067,0.27272353
1026752,0.28666598
1001950,0.2933357
1049482,0.2758479
1041552,0.27928975
1048845,0.27272353
1040432,0.27436304
1024955,0.27770048
1012846,0.37559238
1029786,0.27272353
1016340,0.27866706
1041693,0.2742939
1037455,0.2869162
1031867,0.28467736
1006458,0.2741514
1039048,0.2741514
1013649,0.27791137
1031813,0.27505678
1030335,0.28781202
1031812,0.2741514
1022703,0.29293242
1041078,0.27512783
1016424,0.27272353
1036836,0.284128
1033856,0.27272353
1029091,0.27272353
1007567,0.2943186
1031166,0.29622003
1036153,0.29238582
1010588,0.3645676
1025123,0.34711042
1003120,0.27272353
1039462,0.277423
1011814,0.2741514
1005774,0.327649
1026426,0.28260514
1046709,0.2864354
1006371,0.27272353
1039092,0.27272353
1020989,0.3180152
1008150,0.28622955
1001749,0.27272353
1036475,0.27713242
1043670,0.2741514
1008181,0.28778854
1040449,0.2741514
1021933,0.2741514
1007308,0.32864815
1005787,0.32895717
1024290,0.3316341
1012764,0.31697592
1016816,0.3568134
1042334,0.31045663
1042303,0.31225756
1021130,0.28439766
1016087,0.2971887
1034776,0.3147662
1016483,0.2844874
1040852,0.2764361
1037565,0.27272353
1019999,0.2741514
1017925,0.28131276
1009088,0.29827893
1017442,0.2784342
1032728,0.32989067
1016842,0.28474435
1000253,0.3444846
1012828,0.28996205
1024004,0.27272353
1042867,0.33388886
1049314,0.2758479
1022753,0.2741514
1033283,0.27272353
1019287,0.2768301
1046030,0.33549947
1025304,0.33547434
1048449,0.27272353
1019085,0.2742939
1032377,0.27272353
1041676,0.27272353
1003450,0.2818767
1010922,0.28260514
1008413,0.378302
1032577,0.3021394
1028735,0.31799114
1000429,0.27585334
1044303,0.277423
1042758,0.27272353
1026716,0.28580076
1002229,0.29182577
1030725,0.3320164
1030850,0.27770048
1049381,0.30340734
1002103,0.27272353
1038407,0.28899202
1003870,0.2838027
1033993,0.3371784
1009304,0.27272353
1014385,0.27272353
1008321,0.34687966
1029199,0.29151982
1043357,0.29733703
1049274,0.34420338
1030995,0.28397766
1009141,0.3379277
1008787,0.27272353
1049766,0.27497703
1049583,0.29325548
1036915,0.27489862
1026686,0.27272353
1006881,0.29550958
1007309,0.27272353
1037259,0.27272353
1011667,0.27272353
1016045,0.2755135
1009790,0.27489454
1043671,0.28672525
1049022,0.32562077
1041483,0.27713242
1015534,0.27272353
1045357,0.27272353
1003754,0.27272353
1002443,0.29549807
1008555,0.27272353
1045096,0.29046124
1046281,0.27272353
1016569,0.2814227
1022042,0.2741514
1041584,0.27949923
1010787,0.2864542
1013375,0.27272353
1009086,0.29940185
1010315,0.2741514
1020040,0.27272353
1043714,0.30432296
1001871,0.33036202
1025008,0.31583196
1047104,0.27272353
1038329,0.27272353
1030534,0.2741514
1029291,0.2741514
1009326,0.2742939
1004521,0.2742939
1011304,0.27881327
1002699,0.2741514
1035283,0.2741514
1035689,0.36527994
1033031,0.2741514
1022438,0.28281516
1003085,0.27622503
1016185,0.27436304
1027377,0.27713242
1033378,0.27501392
1047229,0.275611
1037676,0.36537522
1030889,0.27272353
1020116,0.27436304
1046766,0.27501392
1036662,0.27272353
1032444,0.2741514
1039518,0.27272353
1022877,0.27625266
1032206,0.27272353
1025760,0.27456766
1003140,0.27436304
1001102,0.2741514
1018731,0.31902125
1031549,0.2741514
1048062,0.27272353
1022913,0.27272353
1048730,0.27832943
1048217,0.28327146
1021477,0.27489454
1004505,0.2741514
1035823,0.28260514
1025819,0.27272353
1020597,0.28260514
1020679,0.33833852
1002900,0.31319094
1018040,0.36160403
1024764,0.3096702
1046537,0.32821664
1004267,0.36091217
1049649,0.3581876
1037495,0.3119224
1010125,0.32271156
1022478,0.3845534
1038322,0.3657516
1043910,0.35330573
1046834,0.27840608
1027372,0.27272353
1033192,0.2742939
1031269,0.28575262
1009774,0.27272353
1016807,0.2741514
1046951,0.2841269
1033310,0.36876026
1047842,0.27498657
1000141,0.27272353
1030017,0.27272353
1043285,0.3353905
1001260,0.34377488
1014514,0.30740052
1044229,0.36313087
1033890,0.30709934
1011474,0.33986843
1002801,0.34271532
1005368,0.35086343
1048036,0.35315138
1018931,0.35306185
1049972,0.29570955
1028206,0.2742939
1009354,0.2741514
1018684,0.2773606
1009676,0.2820877
1042086,0.28959805
1030458,0.27436304
1046471,0.27436304
1022174,0.27272353
1015372,0.27565938
1012601,0.27272353
1016043,0.27272353
1024831,0.33529842
1027512,0.27272353
1003737,0.2837674
1033263,0.27272353
1036350,0.27495947
1025526,0.33682692
1031841,0.35750657
1046860,0.32654196
1048167,0.31665474
1026619,0.30789173
1045056,0.3647156
1006211,0.3350864
1030016,0.32770127
1012859,0.33213103
1011229,0.27713242
1040085,0.27272353
1013241,0.2742939
1001072,0.28374863
1045289,0.2741514
1004523,0.27272353
1032209,0.2742939
1043580,0.34576145
1044260,0.2741514
1044901,0.27272353
1016834,0.27272353
1008873,0.28462064
1005827,0.28969464
1032922,0.3399902
1025551,0.29015017
1003832,0.31481257
1007409,0.32886568
1008040,0.34013835
1026615,0.347014
1044126,0.33796495
1024207,0.30615145
1033980,0.3254738
1049432,0.352746
1006581,0.36162305
1019242,0.27272353
1019791,0.27272353
1013512,0.32876667
1007971,0.3549729
1001846,0.293024
1025218,0.2741514
1002052,0.27272353
1034611,0.27436304
1039572,0.27436304
1004896,0.27272353
1031815,0.32490796
1003672,0.2741514
1032856,0.2742939
1013133,0.34348762
1032872,0.2741514
1028422,0.32304794
1043859,0.37271252
1039853,0.35027915
1048079,0.35463366
1032798,0.3134658
1016960,0.32966048
1004752,0.31183842
1018263,0.34987396
1006067,0.34031156
1000904,0.2768981
1049591,0.29438144
1004358,0.36206222
1048531,0.27272353
1034318,0.27272353
1042639,0.28346115
1029913,0.3330039
1039035,0.3125492
1011264,0.27272353
1046387,0.28829104
1035851,0.2741514
1004010,0.2741514
1017984,0.33856374
1026294,0.33304408
1035828,0.35973918
1020805,0.31893682
1010868,0.3157508
1011000,0.34504828
1003851,0.3133258
1006536,0.3574267
1010371,0.32349893
1041988,0.27272353
1007105,0.27436304
1014086,0.2775498
1045869,0.29673362
1016400,0.27713242
1020695,0.34702015
1022180,0.28459215
1041585,0.2864057
1023100,0.27713242
1024269,0.3666616
1015239,0.3597692
1018769,0.31250042
1000362,0.34878764
1038376,0.33786243
1030363,0.3348701
1043038,0.31611794
1012811,0.32868797
1017553,0.30567414
1035212,0.2741514
1007755,0.31409818
1003314,0.2742939
1004774,0.29147068
1018429,0.27609926
1003409,0.27512783
1001025,0.35471565
1049940,0.2758395
1022942,0.2741514
1003244,0.2741514
1020646,0.31512547
1017627,0.27272353
1039408,0.2741514
1002660,0.35753798
1038809,0.27272353
1027116,0.32258335
1045638,0.29645005
1032063,0.2741514
1018637,0.27713242
1018957,0.295795
1032508,0.2898724
1045416,0.27489454
1018298,0.2741514
1034492,0.2741514
1020078,0.27272353
1048059,0.2758479
1042546,0.302925
1030285,0.29339093
1047721,0.2741514
1028377,0.2741514
1037238,0.30153698
1004093,0.33784956
1038110,0.27272353
1020381,0.28459507
1040970,0.32278875
1035514,0.35037142
1021902,0.2742939
1009267,0.33995852
1029167,0.27272353
1018976,0.27489454
1015110,0.34301862
1037302,0.2742939
1021553,0.2970081
1041216,0.28386447
1010524,0.277423
1003398,0.2741514
1015523,0.33005226
1038119,0.27770048
1000341,0.2758256
1025469,0.28533226
1035389,0.30310854
1012766,0.27272353
1010470,0.27272353
1010397,0.27272353
1033903,0.33770198
1013108,0.2942748
1023144,0.29048264
1016405,0.383318
1010662,0.27272353
1030696,0.2741514
1001068,0.35875112
1005637,0.28175628
1021176,0.27272353
1046963,0.2741514
1042861,0.28239238
1049344,0.27501392
1032902,0.27272353
1048713,0.27556807
1003300,0.28667164
1047698,0.37225938
1030199,0.27489454
1049282,0.2777926
1047021,0.27272353
1011009,0.2833476
1041495,0.27523938
1027606,0.27770048
1036118,0.27272353
1015252,0.28710395
1011401,0.29553047
1015736,0.2741514
1001400,0.2741514
1022790,0.27489454
1048702,0.27501392
1043840,0.28830212
1042901,0.27665943
1046525,0.3702553
1036878,0.27272353
1016148,0.2742939
1009935,0.277423
1004054,0.372454
1048102,0.2776193
1005319,0.2741514
1010309,0.3026503
1047592,0.32366326
1001760,0.36224943
1039112,0.33156335
1024168,0.27672425
1042073,0.3037924
1019215,0.29716605
1040134,0.3569768
1046634,0.32333407
1047925,0.2741514
1027947,0.27272353
1007605,0.2741514
1003530,0.2742939
1021290,0.27713242
1037854,0.36843073
1009298,0.27272353
1044234,0.27272353
1035290,0.364871
1000688,0.28862232
1013553,0.2741514
1029473,0.34456122
1000369,0.28019994
1034490,0.3455052
1012439,0.27272353
1026769,0.3557962
1038023,0.27272353
1036299,0.27272353
1021306,0.36323857
1049683,0.2741514
1028150,0.37650585
1013961,0.2762056
1029329,0.275448
1008725,0.27272353
1042031,0.3667964
1041085,0.37461472
1014512,0.27272353
1024159,0.27272353
1010040,0.27272353
1013543,0.32912698
1006920,0.28902134
1033352,0.2741514
1038265,0.2741514
1036934,0.29306537
1022794,0.27272353
1004863,0.27272353
1027696,0.2742939
1011294,0.27272353
1038048,0.326143
1045509,0.29817978
1040513,0.2742939
1018321,0.27272353
1047656,0.27272353
1048176,0.2741514
1039989,0.27272353
1048948,0.27272353
1013293,0.35266954
1048677,0.30082497
1036760,0.2832753
1042257,0.31399083
1016428,0.2741514
1001031,0.32474902
1022003,0.28609753
1017284,0.27272353
1000166,0.37204725
1047762,0.2741514
1027970,0.27713242
1041990,0.28439766
1021605,0.27272353
1006934,0.27272353
1044867,0.27272353
1011078,0.28507453
1024853,0.27272353
1041218,0.2742939
1001186,0.37633094
1020686,0.27272353
1018820,0.3200788
1041608,0.2968801
1033029,0.32816434
1022032,0.27272353
1006569,0.27272353
1015016,0.28458115
1025382,0.27272353
1043937,0.309797
1049053,0.33445188
1040669,0.3578605
1023810,0.35693055
1041761,0.33367783
1003857,0.30898052
1021424,0.36236826
1016813,0.3516296
1038618,0.37112778
1047541,0.27272353
1035663,0.27272353
1032099,0.31439224
1008856,0.32985443
1016651,0.28548115
1024140,0.27272353
1014316,0.27272353
1012946,0.27272353
